movie_id,imgpath,name,role
1,http://img1.daumcdn.net/thumb/C116x168/?fname=https%3A%2F%2Ft1.daumcdn.net%2Fmovie%2F0f38685ed8ffd6166ea53c609f79e4d1c0602566, 유재선, 감독
1,http://img1.daumcdn.net/thumb/C116x168/?fname=http%3A%2F%2Ft1.daumcdn.net%2Fmovie%2Fedb6fae1f050767fe5c2fc9457306b9685807385, 정유미, 주연
1,http://img1.daumcdn.net/thumb/C116x168/?fname=http%3A%2F%2Ft1.daumcdn.net%2Fmovie%2Fb066cbec9fe6d2268b3b89d129a731695a72c65e, 이선균, 주연
1,http://img1.daumcdn.net/thumb/C116x168/?fname=https%3A%2F%2Ft1.daumcdn.net%2Fmovie%2F29e46f4136e70c69caca405098e095ae53414619, 김금순, 출연
1,http://img1.daumcdn.net/thumb/C116x168/?fname=https%3A%2F%2Ft1.daumcdn.net%2Fmovie%2F217c88699da6a8437b48c6a7e411e3f49e9b9fa6, 김남우, 출연
1,http://img1.daumcdn.net/thumb/C116x168/?fname=https%3A%2F%2Ft1.daumcdn.net%2Fmovie%2F3a3bc595c3c0d27dc6f8c834c60f7dd1a06c9061, 김국희, 특별출연
1,http://img1.daumcdn.net/thumb/C116x168/?fname=https%3A%2F%2Ft1.daumcdn.net%2Fmovie%2F6a8ece1f823c71bae0e58a7cba6e288ed83d14dc, 이경진, 특별출연
2,http://img1.daumcdn.net/thumb/C116x168/?fname=http%3A%2F%2Ft1.daumcdn.net%2Fmovie%2Fe39e6f573ec0f84e0f5b7664719172083142890a,정태원,   감독
2,http://img1.daumcdn.net/thumb/C116x168/?fname=https%3A%2F%2Ft1.daumcdn.net%2Fmovie%2Ff5189fdd37c0235c2dba1f6abbefa445e07bbfcd,   정용기,   감독
2,http://img1.daumcdn.net/thumb/C116x168/?fname=https%3A%2F%2Ft1.daumcdn.net%2Fmovie%2Fa0987b4f2eae9d835175ab5dfc0a53443a87931e,   윤현민,   주연
2,http://img1.daumcdn.net/thumb/C116x168/?fname=https%3A%2F%2Ft1.daumcdn.net%2Fmovie%2Fd9514af3734a7d74e0ce435eb63c68dfab530ace,   유라,   주연
2,http://img1.daumcdn.net/thumb/C116x168/?fname=https%3A%2F%2Ft1.daumcdn.net%2Fmovie%2F38ac38eb5d03ee790f4c41343896708d4d2776de,   김수미,   주연
2,http://img1.daumcdn.net/thumb/C116x168/?fname=http%3A%2F%2Ft1.daumcdn.net%2Fmovie%2F5c5993398f9676ce78024704b74065f19fca831f,   탁재훈,   주연
2,http://img1.daumcdn.net/thumb/C116x168/?fname=https%3A%2F%2Ft1.daumcdn.net%2Fmovie%2Fa5950394d5166d86d3764d5039eb3c322c0206d5,   정준하,   주연
3,http://img1.daumcdn.net/thumb/C116x168/?fname=http%3A%2F%2Ft1.daumcdn.net%2Fcfile%2F121A65554E37B02B29, 닐 블롬캠프, 감독
3,http://img1.daumcdn.net/thumb/C116x168/?fname=http%3A%2F%2Ft1.daumcdn.net%2Fcfile%2F14328A4D4F44E56915, 데이비드 하버, 주연
3,http://img1.daumcdn.net/thumb/C116x168/?fname=http%3A%2F%2Ft1.daumcdn.net%2Fmovie%2F2c7f2a9e86ca9bd60c8bef5490e5af926daeaee1, 올랜도 블룸, 주연
3,http://img1.daumcdn.net/thumb/C116x168/?fname=http%3A%2F%2Ft1.daumcdn.net%2Fmovie%2F203fc78839ccf413efa498c4f9d9e4f1d5d40b34, 아치 마데크위, 주연
3,http://img1.daumcdn.net/thumb/C116x168/?fname=https%3A%2F%2Ft1.daumcdn.net%2Fmovie%2F96d12e4966c77a597d88be82f72c93cd65988136, 대런 바넷, 출연
3,http://img1.daumcdn.net/thumb/C116x168/?fname=https%3A%2F%2Ft1.daumcdn.net%2Fmovie%2F7d9cc0944f5d8235a624aa377eaff9a1074e3996, 게리 할리웰, 출연
3,http://img1.daumcdn.net/thumb/C116x168/?fname=https%3A%2F%2Ft1.daumcdn.net%2Fmovie%2F36574ad15c757cf327887ad9f6b6f8e5d86aabe4, 이상헌, 출연
4,http://img1.daumcdn.net/thumb/C116x168/?fname=https%3A%2F%2Ft1.daumcdn.net%2Fmovie%2F0b71d205e9175a74c704ce18532a5b4472f18287, 크리스토퍼 놀란, 감독
4,http://img1.daumcdn.net/thumb/C116x168/?fname=http%3A%2F%2Ft1.daumcdn.net%2Fmovie%2F07cd0b814f58f3c32c78fa20c02b11a9fc57a02c, 킬리언 머피, 주연
4,http://img1.daumcdn.net/thumb/C116x168/?fname=https%3A%2F%2Ft1.daumcdn.net%2Fmovie%2F419c823e22f43f6107e3ed36d25d80945dbae051, 에밀리 블런트, 주연
4,http://img1.daumcdn.net/thumb/C116x168/?fname=http%3A%2F%2Ft1.daumcdn.net%2Fmovie%2Fb199e6bfc64d4a8af88c3ad95d2e5bf02fe481da, 맷 데이먼, 주연
4,http://img1.daumcdn.net/thumb/C116x168/?fname=http%3A%2F%2Ft1.daumcdn.net%2Fmovie%2Fab54c9376e20f9ec5aed877bbba363c99300147a, 로버트 다우니 주니어, 주연
4,http://img1.daumcdn.net/thumb/C116x168/?fname=https%3A%2F%2Ft1.daumcdn.net%2Fmovie%2F7c267d8e1a81515e097be25b9b305c51db28818d, 플로렌스 퓨, 주연
4,http://img1.daumcdn.net/thumb/C116x168/?fname=https%3A%2F%2Ft1.daumcdn.net%2Fmovie%2Fe3543ace257dad9720e21ed4f3d58c97e502b178, 조쉬 하트넷, 출연
5,http://img1.daumcdn.net/thumb/C116x168/?fname=http%3A%2F%2Ft1.daumcdn.net%2Fcfile%2F2025033750C0359E07,데이빗 알루,감독
5,http://img1.daumcdn.net/thumb/C116x168/?fname=http%3A%2F%2Ft1.daumcdn.net%2Fcfile%2F11545E3450C036000B,에릭 토스티,감독
5,http://img1.daumcdn.net/thumb/C116x168/?fname=http%3A%2F%2Ft1.daumcdn.net%2Fcfile%2F2025033750C0359E07,데이빗 알루,감독
5,http://img1.daumcdn.net/thumb/C116x168/?fname=http%3A%2F%2Ft1.daumcdn.net%2Fcfile%2F2025033750C0359E07,데이빗 알루,각본
5,http://img1.daumcdn.net/thumb/C116x168/?fname=http%3A%2F%2Ft1.daumcdn.net%2Fcfile%2F11545E3450C036000B,에릭 토스티,각본
5,http://img1.daumcdn.net/thumb/C116x168/?fname=http%3A%2F%2Ft1.daumcdn.net%2Fcfile%2F2025033750C0359E07,데이빗 알루,감독
5,http://img1.daumcdn.net/thumb/C116x168/?fname=http%3A%2F%2Ft1.daumcdn.net%2Fcfile%2F2025033750C0359E07,데이빗 알루,감독
6,http://img1.daumcdn.net/thumb/C116x168/?fname=https%3A%2F%2Ft1.daumcdn.net%2Fmovie%2F5274341d8016f005e4bf0322d22326d0839cc7bb, 케네스 브래너, 감독
6,http://img1.daumcdn.net/thumb/C116x168/?fname=https%3A%2F%2Ft1.daumcdn.net%2Fmovie%2F5274341d8016f005e4bf0322d22326d0839cc7bb, 케네스 브래너, 주연
6,http://img1.daumcdn.net/thumb/C116x168/?fname=https%3A%2F%2Ft1.daumcdn.net%2Fmovie%2Fdf817eae283b6b8aecef4c54d1bb4e851b238db2, 양자경, 출연
6,http://img1.daumcdn.net/thumb/C116x168/?fname=http%3A%2F%2Ft1.daumcdn.net%2Fmovie%2F50b8bbde610d5c84f108d158f2104688599743df, 카일 앨런, 출연
6,http://img1.daumcdn.net/thumb/C116x168/?fname=http%3A%2F%2Ft1.daumcdn.net%2Fmovie%2F458fcc4e71e2f7d1f0951f99f90c32dd2137fefd, 카밀 코탱, 출연
6,http://img1.daumcdn.net/thumb/C116x168/?fname=http%3A%2F%2Ft1.daumcdn.net%2Fmovie%2F8e4db253c3558fdfac2e09c23fb5857c91e5e34d, 제이미 도넌, 출연
6,http://img1.daumcdn.net/thumb/C116x168/?fname=http%3A%2F%2Ft1.daumcdn.net%2Fcfile%2F1343EF10B0526373F2, 티나 페이, 출연
7,http://img1.daumcdn.net/thumb/C116x168/?fname=https%3A%2F%2Ft1.daumcdn.net%2Fmovie%2F93bdeb491de552e11d7ad8a5dbaecc0ff26086bc, 더 골든 아워  아이유, 더 골든 아워  주연
8,http://img1.daumcdn.net/thumb/C116x168/?fname=https%3A%2F%2Ft1.daumcdn.net%2Fmovie%2F8df26e15008e5367406856d9559ce04fe5a55843, 로버트 로드리게즈, 감독
8,http://img1.daumcdn.net/thumb/C116x168/?fname=https%3A%2F%2Ft1.daumcdn.net%2Fmovie%2F6bc613d2bc76cd31fb2cfc12c270fc0380442812, 벤 애플렉, 주연
8,http://img1.daumcdn.net/thumb/C116x168/?fname=http%3A%2F%2Ft1.daumcdn.net%2Fcfile%2F144A8F10AE27C98730, 앨리스 브라가, 출연
8,http://img1.daumcdn.net/thumb/C116x168/?fname=http%3A%2F%2Ft1.daumcdn.net%2Fmovie%2F8a6db6e978c044db9400607aacc921f01568455714324, 윌리엄 피츠너, 출연
8,http://img1.daumcdn.net/thumb/C116x168/?fname=http%3A%2F%2Ft1.daumcdn.net%2Fcfile%2F11404210ADEE73957E, J.D. 파르도, 출연
8,http://img1.daumcdn.net/thumb/C116x168/?fname=https%3A%2F%2Ft1.daumcdn.net%2Fmovie%2F562582b98d7d0d40cee98ecb7fe58dfd7e5c77b5, 할라 핀리, 출연
8,http://img1.daumcdn.net/thumb/C116x168/?fname=http%3A%2F%2Ft1.daumcdn.net%2Fcfile%2F11676A4F509A736631, 디에오 오케이니이, 출연
9,http://img1.daumcdn.net/thumb/C116x168/?fname=https%3A%2F%2Ft1.daumcdn.net%2Fmovie%2F13c1aec699896b35f4d88a9b40f212db5b2a999f, 타구치 토모히사, 감독
9,http://img1.daumcdn.net/thumb/C116x168/?fname=https%3A%2F%2Ft1.daumcdn.net%2Fmovie%2F13c1aec699896b35f4d88a9b40f212db5b2a999f, 스즈카 오지, 주연
9,http://img1.daumcdn.net/thumb/C116x168/?fname=http%3A%2F%2Ft1.daumcdn.net%2Fcfile%2F25617D3B51B1A18012, 이토요 마리에, 주연
9,http://img1.daumcdn.net/thumb/C116x168/?fname=https%3A%2F%2Ft1.daumcdn.net%2Fmovie%2F13c1aec699896b35f4d88a9b40f212db5b2a999f, 타구치 토모히사, 감독
9,http://img1.daumcdn.net/thumb/C116x168/?fname=https%3A%2F%2Ft1.daumcdn.net%2Fmovie%2F31d0ead03187d8b6225a17516f28869133ad3b13, 코미야 아리사, 출연
9,http://img1.daumcdn.net/thumb/C116x168/?fname=https%3A%2F%2Ft1.daumcdn.net%2Fmovie%2F13c1aec699896b35f4d88a9b40f212db5b2a999f, 타구치 토모히사, 감독
9,http://img1.daumcdn.net/thumb/C116x168/?fname=http%3A%2F%2Ft1.daumcdn.net%2Fcfile%2F152A15124A40853458, 코야마 리키야, 출연
10, http://img1.daumcdn.net/thumb/C116x168/?fname=http%3A%2F%2Ft1.daumcdn.net%2Fcfile%2F147231354E758DB308, 이한, 감독
10, http://img1.daumcdn.net/thumb/C116x168/?fname=https%3A%2F%2Ft1.daumcdn.net%2Fmovie%2F490af559df02c7f5b70d1b80279218a77800d771, 유해진, 주연
10, http://img1.daumcdn.net/thumb/C116x168/?fname=https%3A%2F%2Ft1.daumcdn.net%2Fmovie%2Fc489a8007b015c328846aad09b3c3c03d3883f79, 김희선, 주연
10, http://img1.daumcdn.net/thumb/C116x168/?fname=https%3A%2F%2Ft1.daumcdn.net%2Fmovie%2Fdc1722bc65a56e5d4363e01a6ef600af7851e7a9, 차인표, 출연
10, http://img1.daumcdn.net/thumb/C116x168/?fname=https%3A%2F%2Ft1.daumcdn.net%2Fmovie%2F23680f9203311ee4d0c275928de0961d5e4bfb8c, 진선규, 출연
10, http://img1.daumcdn.net/thumb/C116x168/?fname=https%3A%2F%2Ft1.daumcdn.net%2Fmovie%2F4d3152006d7af8af4288d8794204a15e63712586, 한선화, 출연
10, http://img1.daumcdn.net/thumb/C116x168/?fname=https%3A%2F%2Ft1.daumcdn.net%2Fmovie%2Fbae2e517a23574c4d89b8d53715ce90d54253037, 정다은, 출연
11, http://img1.daumcdn.net/thumb/C116x168/?fname=https%3A%2F%2Ft1.daumcdn.net%2Fmovie%2Ff5a0ee0eb232411f8c43f1a3f4517b822b316b83,  제프 로,  감독
11, http://img1.daumcdn.net/thumb/C116x168/?fname=https%3A%2F%2Ft1.daumcdn.net%2Fmovie%2Ff5a0ee0eb232411f8c43f1a3f4517b822b316b83,  니콜라스 캔투,  주연
11, http://img1.daumcdn.net/thumb/C116x168/?fname=https%3A%2F%2Ft1.daumcdn.net%2Fmovie%2Ff5a0ee0eb232411f8c43f1a3f4517b822b316b83,  제프 로,  감독
11, http://img1.daumcdn.net/thumb/C116x168/?fname=https%3A%2F%2Ft1.daumcdn.net%2Fmovie%2Ff5a0ee0eb232411f8c43f1a3f4517b822b316b83,  제프 로,  감독
11, http://img1.daumcdn.net/thumb/C116x168/?fname=http%3A%2F%2Ft1.daumcdn.net%2Fcfile%2F184A66434EF3942725,  브래디 눈,  주연
11, http://img1.daumcdn.net/thumb/C116x168/?fname=https%3A%2F%2Ft1.daumcdn.net%2Fmovie%2F09c37daa3d04805d98d3e177040276c1f29b890b,  세스 로건,  제작
11, http://img1.daumcdn.net/thumb/C116x168/?fname=https%3A%2F%2Ft1.daumcdn.net%2Fmovie%2Ff5a0ee0eb232411f8c43f1a3f4517b822b316b83,  제프 로,  감독
12,http://img1.daumcdn.net/thumb/C116x168/?fname=http%3A%2F%2Ft1.daumcdn.net%2Fmovie%2F24922762026431c1f90f60a46e5553385fbc5e98, 릭 로만 워, 감독
12,http://img1.daumcdn.net/thumb/C116x168/?fname=http%3A%2F%2Ft1.daumcdn.net%2Fmovie%2Feda31a858d9fdc107e139344899f9f3f88354e93, 제라드 버틀러, 주연
12,http://img1.daumcdn.net/thumb/C116x168/?fname=https%3A%2F%2Ft1.daumcdn.net%2Fmovie%2F97ab037735ac9d58b58ba48f6f3e9f7cc4c6e4a0, 톰 리스 해리스, 출연
12,http://img1.daumcdn.net/thumb/C116x168/?fname=https%3A%2F%2Ft1.daumcdn.net%2Fmovie%2Fcec2f2b705a5a23f0df25f4a4f216fb8f06af9ad, 트래비스 핌멜, 출연
12,http://img1.daumcdn.net/thumb/C116x168/?fname=http%3A%2F%2Ft1.daumcdn.net%2Fcfile%2F126F1210B20F784708, 나비드 네가반, 출연
12,http://img1.daumcdn.net/thumb/C116x168/?fname=http%3A%2F%2Ft1.daumcdn.net%2Fcfile%2F134F5E584DF67E4429, 알리 파잘, 출연
12,http://img1.daumcdn.net/thumb/C116x168/?fname=http%3A%2F%2Ft1.daumcdn.net%2Fcfile%2F184FDB254B8675DD73, 바하도르 폴라디, 출연
13,http://img1.daumcdn.net/thumb/C116x168/?fname=https%3A%2F%2Ft1.daumcdn.net%2Fmovie%2F7eb4e80eafef74c24bf94efbea6469fcee1fded9, 엄태화, 감독
13,http://img1.daumcdn.net/thumb/C116x168/?fname=http%3A%2F%2Ft1.daumcdn.net%2Fmovie%2F70b49fb3a1053f42986da860cf4a1d47b7422870, 이병헌, 주연
13,http://img1.daumcdn.net/thumb/C116x168/?fname=https%3A%2F%2Ft1.daumcdn.net%2Fmovie%2Ff0d78a7dcb89c55a42efd870d9ba0625f39f5695, 박서준, 주연
13,http://img1.daumcdn.net/thumb/C116x168/?fname=https%3A%2F%2Ft1.daumcdn.net%2Fmovie%2Fd3b3c3a2c7fb3db2f172ecf22b075803b1da58c2, 박보영, 주연
13,http://img1.daumcdn.net/thumb/C116x168/?fname=http%3A%2F%2Ft1.daumcdn.net%2Fmovie%2F7ceefc5e789740ace5088bea66dee4d434728de8, 김선영, 출연
13,http://img1.daumcdn.net/thumb/C116x168/?fname=https%3A%2F%2Ft1.daumcdn.net%2Fmovie%2Fd033110fbd17afdedf25e786d8295295afb0768e, 김도윤, 출연
13,http://img1.daumcdn.net/thumb/C116x168/?fname=https%3A%2F%2Ft1.daumcdn.net%2Fmovie%2Fecc24618a1a8d358d99cc799ef563d448c49c10e, 박지후, 출연
14,0, 와타다 신야, 감독
15,http://img1.daumcdn.net/thumb/C116x168/?fname=http%3A%2F%2Ft1.daumcdn.net%2Fmovie%2Fab0b1f6cc213eb11f4b5bc640d3c7a4e7c3961f7, 홍용호, 감독
15,http://img1.daumcdn.net/thumb/C116x168/?fname=http%3A%2F%2Ft1.daumcdn.net%2Fmovie%2F2f658a3444040f48829274e34bc490e2c5674625, 유다인, 주연
15,http://img1.daumcdn.net/thumb/C116x168/?fname=http%3A%2F%2Ft1.daumcdn.net%2Fmovie%2Fad5b47731dee9149cc5783abaeb3add71015184b, 강민혁, 주연
15,http://img1.daumcdn.net/thumb/C116x168/?fname=http%3A%2F%2Ft1.daumcdn.net%2Fcfile%2F2262953E51C2B2CE1F, 공상아, 출연
15,http://img1.daumcdn.net/thumb/C116x168/?fname=http%3A%2F%2Ft1.daumcdn.net%2Fmovie%2Ff07c266d00b9a73ed701292b64228a1647134069, 주보영, 출연
15,http://img1.daumcdn.net/thumb/C116x168/?fname=http%3A%2F%2Ft1.daumcdn.net%2Fmovie%2Fab0b1f6cc213eb11f4b5bc640d3c7a4e7c3961f7, 홍용호, 감독
15,http://img1.daumcdn.net/thumb/C116x168/?fname=http%3A%2F%2Ft1.daumcdn.net%2Fcfile%2F13375D0B4A49B26010, 이소윤, 출연
16,http://img1.daumcdn.net/thumb/C116x168/?fname=https%3A%2F%2Ft1.daumcdn.net%2Fmovie%2F298cfac0757acf69b8680c6f984ed5e66876f59f, 피터 손, 감독
16,http://img1.daumcdn.net/thumb/C116x168/?fname=https%3A%2F%2Ft1.daumcdn.net%2Fmovie%2F76223d59a0d632bf6cc1927912c1804e987bc48b, 레아 루이스, 주연
16,http://img1.daumcdn.net/thumb/C116x168/?fname=http%3A%2F%2Ft1.daumcdn.net%2Fmovie%2Fbc0a6b1a4804d363de17a6041a115f3270275f10, 마무두 애시, 주연
16,http://img1.daumcdn.net/thumb/C116x168/?fname=http%3A%2F%2Ft1.daumcdn.net%2Fmovie%2F69b8f479f794c88e24d702c8a33327815fda695c, 웬디 맥렌던 커비, 주연
16,http://img1.daumcdn.net/thumb/C116x168/?fname=https%3A%2F%2Ft1.daumcdn.net%2Fmovie%2Fa818dbe94a2f0409ecd4dcbe660c81292e81ceb5, 메이슨 베르트하이머, 주연
16,http://img1.daumcdn.net/thumb/C116x168/?fname=http%3A%2F%2Ft1.daumcdn.net%2Fcfile%2F120D7C10AE545446EC, 캐서린 오하라, 출연
16,http://img1.daumcdn.net/thumb/C116x168/?fname=https%3A%2F%2Ft1.daumcdn.net%2Fmovie%2F298cfac0757acf69b8680c6f984ed5e66876f59f, 피터 손, 감독
17,http://img1.daumcdn.net/thumb/C116x168/?fname=https%3A%2F%2Ft1.daumcdn.net%2Fmovie%2F3af318ae09f3ab64ba0c4b29ebdd8793e8c58daf, 크리스티안 펫졸트, 감독
17,http://img1.daumcdn.net/thumb/C116x168/?fname=https%3A%2F%2Ft1.daumcdn.net%2Fmovie%2F65284535cf70ba4a2311685b68e2ace415f53e74, 폴라 비어, 주연
17,http://img1.daumcdn.net/thumb/C116x168/?fname=http%3A%2F%2Ft1.daumcdn.net%2Fcfile%2F195102464E8AC6C91B, 토마스 슈베르트, 주연
17,http://img1.daumcdn.net/thumb/C116x168/?fname=http%3A%2F%2Ft1.daumcdn.net%2Fmovie%2Fe0311f6f4ef3dc9a95f0220c4700434361fdc72c, 마티아스 브란트, 출연
17,http://img1.daumcdn.net/thumb/C116x168/?fname=https%3A%2F%2Ft1.daumcdn.net%2Fmovie%2F47cadcda7ae54c7116ca68633524c61a92eff9ac, 랑스톤 위벨, 출연
17,http://img1.daumcdn.net/thumb/C116x168/?fname=http%3A%2F%2Ft1.daumcdn.net%2Fmovie%2F578dc24bd229c9ff7971dfa690825bec97dada30, 요나스 다슬러, 출연
17,http://img1.daumcdn.net/thumb/C116x168/?fname=http%3A%2F%2Ft1.daumcdn.net%2Fcfile%2F143E1948516B272E19, 엔노 트렙스, 출연
18, http://img1.daumcdn.net/thumb/C116x168/?fname=http%3A%2F%2Ft1.daumcdn.net%2Fcfile%2F12632210B174D4CBAE,  사무엘 보딘,  감독
18, http://img1.daumcdn.net/thumb/C116x168/?fname=http%3A%2F%2Ft1.daumcdn.net%2Fcfile%2F12632210B174D4CBAE,  리지 캐플란,  주연
18, http://img1.daumcdn.net/thumb/C116x168/?fname=http%3A%2F%2Ft1.daumcdn.net%2Fcfile%2F19640E134C395A7678,  안토니 스타,  주연
18, http://img1.daumcdn.net/thumb/C116x168/?fname=http%3A%2F%2Ft1.daumcdn.net%2Fmovie%2Fd0d5423cb11f7776c39886c379c77c9b1533c0bc,  클레오파트라 콜먼,  출연
18, http://img1.daumcdn.net/thumb/C116x168/?fname=http%3A%2F%2Ft1.daumcdn.net%2Fcfile%2F13404210AE1660D32A,  엘렌 두빈,  출연
18, http://img1.daumcdn.net/thumb/C116x168/?fname=http%3A%2F%2Ft1.daumcdn.net%2Fmovie%2Fb0505876e0aa419d80b75da504d0d630f702a7d5,  우디 노먼,  출연
18, http://img1.daumcdn.net/thumb/C116x168/?fname=http%3A%2F%2Ft1.daumcdn.net%2Fcfile%2F12632210B174D4CBAE,  사무엘 보딘,  감독
19,http://img1.daumcdn.net/thumb/C116x168/?fname=http%3A%2F%2Ft1.daumcdn.net%2Fcfile%2F2547CE485243B1A822, 펠릭스 반 그뢰닝엔, 감독
19,http://img1.daumcdn.net/thumb/C116x168/?fname=http%3A%2F%2Ft1.daumcdn.net%2Fcfile%2F1311AC395145E22601, 샤를로트 반더미르히, 감독
19,http://img1.daumcdn.net/thumb/C116x168/?fname=https%3A%2F%2Ft1.daumcdn.net%2Fmovie%2Fc50e439ab2ac75a0a2c0668f75a29bc5f7e479f9, 루카 마리넬리, 주연
19,http://img1.daumcdn.net/thumb/C116x168/?fname=http%3A%2F%2Ft1.daumcdn.net%2Fmovie%2Fd12d288c1bb2cb2b7fc859d3e291442d7bee21b4, 알레산드로 보르기, 주연
19,http://img1.daumcdn.net/thumb/C116x168/?fname=http%3A%2F%2Ft1.daumcdn.net%2Fcfile%2F274E7A4D5281E8351E, 필리포 티미, 주연
19,http://img1.daumcdn.net/thumb/C116x168/?fname=https%3A%2F%2Ft1.daumcdn.net%2Fmovie%2F64c5fbc6a93c86a31589ae444051432805bb7557, 엘레나 리에티, 주연
19,http://img1.daumcdn.net/thumb/C116x168/?fname=http%3A%2F%2Ft1.daumcdn.net%2Fcfile%2F2547CE485243B1A822, 펠릭스 반 그뢰닝엔, 감독
20,http://img1.daumcdn.net/thumb/C116x168/?fname=http%3A%2F%2Ft1.daumcdn.net%2Fmovie%2F72ca3b8b32f630763f0bee319b91b93fbeb9c167, 박희곤, 감독
20,http://img1.daumcdn.net/thumb/C116x168/?fname=https%3A%2F%2Ft1.daumcdn.net%2Fmovie%2F8437d89f6bbb08eae5c72fd95f8a3af49ac20f1a, 신혜선, 주연
20,http://img1.daumcdn.net/thumb/C116x168/?fname=http%3A%2F%2Ft1.daumcdn.net%2Fmovie%2Fb3caa44aeac57555e4318072bf7ab88268bf905f, 김성균, 주연
20,http://img1.daumcdn.net/thumb/C116x168/?fname=https%3A%2F%2Ft1.daumcdn.net%2Fmovie%2F0e4068a779fe5b814b8a17e480e6ee891d5b886c, 임성재, 주연
20,http://img1.daumcdn.net/thumb/C116x168/?fname=http%3A%2F%2Ft1.daumcdn.net%2Fmovie%2Fcb6ad5c88fa1cb2c3c300712627bd8381f876df6, 임철수, 출연
20,http://img1.daumcdn.net/thumb/C116x168/?fname=https%3A%2F%2Ft1.daumcdn.net%2Fmovie%2Fmovie-private%2Fd9c7487ab9ab0f91b56ea00a4bcc1849cbee5286, 이주영, 출연
20,http://img1.daumcdn.net/thumb/C116x168/?fname=http%3A%2F%2Ft1.daumcdn.net%2Fcfile%2F226CA346528176112D, 강태오, 특별출연
21,http://img1.daumcdn.net/thumb/C116x168/?fname=https%3A%2F%2Ft1.daumcdn.net%2Fmovie%2F411e5c865f5ea709ecc0a00d58b44fcbe813d99b, 류승완, 감독
21,http://img1.daumcdn.net/thumb/C116x168/?fname=http%3A%2F%2Ft1.daumcdn.net%2Fmovie%2Ff00ffb1e8092473b26362a3cc355dd903e8d9c40, 김혜수, 주연
21,http://img1.daumcdn.net/thumb/C116x168/?fname=https%3A%2F%2Ft1.daumcdn.net%2Fmovie%2F1befd8b3ff2c2a53a2e9bf81ecc975e34b61617e, 염정아, 주연
21,http://img1.daumcdn.net/thumb/C116x168/?fname=https%3A%2F%2Ft1.daumcdn.net%2Fmovie%2Fab2933753dc87641e57d4d08c0924c584531e53f, 조인성, 주연
21,http://img1.daumcdn.net/thumb/C116x168/?fname=https%3A%2F%2Ft1.daumcdn.net%2Fmovie%2F3bcc128376cabe201cb5ed53ee51b71fc0da3cf5, 박정민, 주연
21,http://img1.daumcdn.net/thumb/C116x168/?fname=http%3A%2F%2Ft1.daumcdn.net%2Fmovie%2F43a0e9ecdf7ccd33a75dbd72b05834af1c6249e8, 김종수, 주연
21,http://img1.daumcdn.net/thumb/C116x168/?fname=http%3A%2F%2Ft1.daumcdn.net%2Fmovie%2Fb1540261308f1de34fabb8e85cfe5a186c8c4dd3, 고민시, 주연
22,http://img1.daumcdn.net/thumb/C116x168/?fname=http%3A%2F%2Ft1.daumcdn.net%2Fcfile%2F202939184B03A50B4D, 언더 워터  앤드류 트라우키, 언더 워터  감독
22,http://img1.daumcdn.net/thumb/C116x168/?fname=https%3A%2F%2Ft1.daumcdn.net%2Fmovie%2Fa0c94f425cdeae6c56f71afa3c1dee7d4934f835, 언더 워터  테레사 리안, 언더 워터  주연
22,http://img1.daumcdn.net/thumb/C116x168/?fname=http%3A%2F%2Ft1.daumcdn.net%2Fmovie%2F5e289480a90488a42b2344c663ca7b03c35df04b, 언더 워터  앤 트루옹, 언더 워터  주연
22,http://img1.daumcdn.net/thumb/C116x168/?fname=https%3A%2F%2Ft1.daumcdn.net%2Fmovie%2F41aeec1e771806c7cf3d48ffe98dfe5bb4d3023c, 언더 워터  사스키아 아처, 언더 워터  출연
22,http://img1.daumcdn.net/thumb/C116x168/?fname=http%3A%2F%2Ft1.daumcdn.net%2Fmovie%2F4a9f21c7272660aaaaa6d31692cf0d8f07250607, 언더 워터  케이트 리스터, 언더 워터  출연
22,http://img1.daumcdn.net/thumb/C116x168/?fname=https%3A%2F%2Ft1.daumcdn.net%2Fmovie%2F2ef10753e511beda0780ea9f787eee0123c23551, 언더 워터  팀 로스, 언더 워터  출연
22,http://img1.daumcdn.net/thumb/C116x168/?fname=https%3A%2F%2Ft1.daumcdn.net%2Fmovie%2Fbb262c2590d778100c2c75a73630584cd66093eb, 언더 워터  잭 크리스찬, 언더 워터  제작
23,http://img1.daumcdn.net/thumb/C116x168/?fname=http%3A%2F%2Ft1.daumcdn.net%2Fcfile%2F14701D10B155C71104, 리차드 도너, 감독
23,http://img1.daumcdn.net/thumb/C116x168/?fname=http%3A%2F%2Ft1.daumcdn.net%2Fcfile%2F153A0510AE0E927418, 숀 애스틴, 주연
23,http://img1.daumcdn.net/thumb/C116x168/?fname=http%3A%2F%2Ft1.daumcdn.net%2Fmovie%2Fada8b5bc415ba3b1e4619c37184b43901645ebf6, 조슈 브롤린, 주연
23,http://img1.daumcdn.net/thumb/C116x168/?fname=http%3A%2F%2Ft1.daumcdn.net%2Fcfile%2F126DB110B1D3094FBA, 제프 코헨, 주연
23,http://img1.daumcdn.net/thumb/C116x168/?fname=http%3A%2F%2Ft1.daumcdn.net%2Fcfile%2F1566C410B16D31167A, 코리 펠드만, 주연
23,http://img1.daumcdn.net/thumb/C116x168/?fname=http%3A%2F%2Ft1.daumcdn.net%2Fcfile%2F126F1B10AE1790F86C, 케리 그린, 주연
23,http://img1.daumcdn.net/thumb/C116x168/?fname=http%3A%2F%2Ft1.daumcdn.net%2Fcfile%2F202719164A939AB747, 마샤 플림튼, 주연
24,http://img1.daumcdn.net/thumb/C116x168/?fname=http%3A%2F%2Ft1.daumcdn.net%2Fcfile%2F272FA244540A83C229, 김선웅, 감독
24,http://img1.daumcdn.net/thumb/C116x168/?fname=https%3A%2F%2Ft1.daumcdn.net%2Fmovie%2Fddfb9fba29f876db7d517711a7928dc30fd1e110, 윤균상, 주연
24,http://img1.daumcdn.net/thumb/C116x168/?fname=https%3A%2F%2Ft1.daumcdn.net%2Fmovie%2F1d28792ba9cb37343b17ee04d351ee6c4f5a0e7f, 김예원, 주연
24,http://img1.daumcdn.net/thumb/C116x168/?fname=https%3A%2F%2Ft1.daumcdn.net%2Fmovie%2Fdba4f89a6d0c63710afd70d191d21b6c8baf495e, 연제욱, 주연
24,http://img1.daumcdn.net/thumb/C116x168/?fname=https%3A%2F%2Ft1.daumcdn.net%2Fmovie%2F1dfc2858d7ead2e2ede2509b0a2823bd54868838, 배그린, 주연
24,http://img1.daumcdn.net/thumb/C116x168/?fname=https%3A%2F%2Ft1.daumcdn.net%2Fmovie%2Ff5a5bc5dbbd0644ae352fbca03428f167c9df5bf, 이태환, 주연
25,http://img1.daumcdn.net/thumb/C116x168/?fname=https%3A%2F%2Ft1.daumcdn.net%2Fmovie%2Fa96ba577927feb1bc4004866579bfa73168045a1, 마이테 알베르디, 감독
25,http://img1.daumcdn.net/thumb/C116x168/?fname=https%3A%2F%2Ft1.daumcdn.net%2Fmovie%2Fa96ba577927feb1bc4004866579bfa73168045a1, 마이테 알베르디, 감독
25,http://img1.daumcdn.net/thumb/C116x168/?fname=https%3A%2F%2Ft1.daumcdn.net%2Fmovie%2Fa96ba577927feb1bc4004866579bfa73168045a1, 마이테 알베르디, 감독
25,http://img1.daumcdn.net/thumb/C116x168/?fname=https%3A%2F%2Ft1.daumcdn.net%2Fmovie%2Fa96ba577927feb1bc4004866579bfa73168045a1, 마이테 알베르디, 제작
25,http://img1.daumcdn.net/thumb/C116x168/?fname=https%3A%2F%2Ft1.daumcdn.net%2Fmovie%2Fa96ba577927feb1bc4004866579bfa73168045a1, 마이테 알베르디, 감독
25,http://img1.daumcdn.net/thumb/C116x168/?fname=http%3A%2F%2Ft1.daumcdn.net%2Fcfile%2F164F173D4DA49FD518, 후안 데 디오스 라라인, 제작
25,http://img1.daumcdn.net/thumb/C116x168/?fname=https%3A%2F%2Ft1.daumcdn.net%2Fmovie%2Fdc60eb92b7b9a2549c4cb3f9a78f5e1703f8559d, 파블로 라라인, 제작
26, http://img1.daumcdn.net/thumb/C116x168/?fname=http%3A%2F%2Ft1.daumcdn.net%2Fcfile%2F15435310B21BFBCF78,  한상호,  감독
26, http://img1.daumcdn.net/thumb/C116x168/?fname=https%3A%2F%2Ft1.daumcdn.net%2Fmovie%2Fbeda3a5961360a3f2a72f6cece7fe87ebbc6fd4a,  박성배,  감독
26, http://img1.daumcdn.net/thumb/C116x168/?fname=http%3A%2F%2Ft1.daumcdn.net%2Fcfile%2F27070F505411708819,  엄상현,  주연
26, http://img1.daumcdn.net/thumb/C116x168/?fname=http%3A%2F%2Ft1.daumcdn.net%2Fcfile%2F2076DA0D4AD3C33B4D,  신용우,  주연
26, http://img1.daumcdn.net/thumb/C116x168/?fname=http%3A%2F%2Ft1.daumcdn.net%2Fcfile%2F1528D00F49B5856B10,  정영웅,  주연
26, http://img1.daumcdn.net/thumb/C116x168/?fname=http%3A%2F%2Ft1.daumcdn.net%2Fcfile%2F1428B70F49B5844204,  전태열,  주연
26, http://img1.daumcdn.net/thumb/C116x168/?fname=http%3A%2F%2Ft1.daumcdn.net%2Fcfile%2F2042CC4C50F89FEB39,  정혜원,  주연
27,http://img1.daumcdn.net/thumb/C116x168/?fname=https%3A%2F%2Ft1.daumcdn.net%2Fmovie%2Fd073d179e16f2dec04fa7e5f9584513ee8474890, 정우성, 감독
27,http://img1.daumcdn.net/thumb/C116x168/?fname=https%3A%2F%2Ft1.daumcdn.net%2Fmovie%2Fd073d179e16f2dec04fa7e5f9584513ee8474890, 정우성, 주연
27,http://img1.daumcdn.net/thumb/C116x168/?fname=https%3A%2F%2Ft1.daumcdn.net%2Fmovie%2Fec75faff99b02557effc0a0168e2116bac8f9fa7, 김남길, 주연
27,http://img1.daumcdn.net/thumb/C116x168/?fname=https%3A%2F%2Ft1.daumcdn.net%2Fmovie%2F9d26ea85d865d56639ca97e1b0e22dcae5212c9c, 김준한, 주연
27,http://img1.daumcdn.net/thumb/C116x168/?fname=https%3A%2F%2Ft1.daumcdn.net%2Fmovie%2F776ed162396116a8192c011f806ade4fae652574, 박성웅, 주연
27,http://img1.daumcdn.net/thumb/C116x168/?fname=https%3A%2F%2Ft1.daumcdn.net%2Fmovie%2Fedeb5400f1b8816c47ad66d1f52daa64b3d8f609, 박유나, 주연
27,http://img1.daumcdn.net/thumb/C116x168/?fname=http%3A%2F%2Ft1.daumcdn.net%2Fcfile%2F2227864C519F210514, 이엘리야, 출연
28,http://img1.daumcdn.net/thumb/C116x168/?fname=http%3A%2F%2Ft1.daumcdn.net%2Fmovie%2F9dc482067fbef859f243e9c30dc20284e20391cb, 마스이 소이치, 감독
28,http://img1.daumcdn.net/thumb/C116x168/?fname=http%3A%2F%2Ft1.daumcdn.net%2Fmovie%2F9dc482067fbef859f243e9c30dc20284e20391cb, 이시카와 카이토, 주연
28,http://img1.daumcdn.net/thumb/C116x168/?fname=http%3A%2F%2Ft1.daumcdn.net%2Fmovie%2F9dc482067fbef859f243e9c30dc20284e20391cb, 마스이 소이치, 감독
28,http://img1.daumcdn.net/thumb/C116x168/?fname=http%3A%2F%2Ft1.daumcdn.net%2Fcfile%2F2542994B5279622F30, 쿠보 유리카, 주연
28,http://img1.daumcdn.net/thumb/C116x168/?fname=http%3A%2F%2Ft1.daumcdn.net%2Fcfile%2F135BE73F4DAC81660A, 토야마 나오, 출연
28,http://img1.daumcdn.net/thumb/C116x168/?fname=http%3A%2F%2Ft1.daumcdn.net%2Fmovie%2F9dc482067fbef859f243e9c30dc20284e20391cb, 마스이 소이치, 감독
28,http://img1.daumcdn.net/thumb/C116x168/?fname=http%3A%2F%2Ft1.daumcdn.net%2Fcfile%2F18762C36505097CE19, 우치다 마아야, 출연
29,http://img1.daumcdn.net/thumb/C116x168/?fname=https%3A%2F%2Ft1.daumcdn.net%2Fmovie%2F778e2ed5a55cefe904bc6ecac81a82ae55cfa19a, 권하정, 감독
29,http://img1.daumcdn.net/thumb/C116x168/?fname=https%3A%2F%2Ft1.daumcdn.net%2Fmovie%2F778e2ed5a55cefe904bc6ecac81a82ae55cfa19a, 권하정, 감독
29,http://img1.daumcdn.net/thumb/C116x168/?fname=https%3A%2F%2Ft1.daumcdn.net%2Fmovie%2F778e2ed5a55cefe904bc6ecac81a82ae55cfa19a, 권하정, 감독
29,http://img1.daumcdn.net/thumb/C116x168/?fname=https%3A%2F%2Ft1.daumcdn.net%2Fmovie%2F778e2ed5a55cefe904bc6ecac81a82ae55cfa19a, 권하정, 감독
29,http://img1.daumcdn.net/thumb/C116x168/?fname=https%3A%2F%2Ft1.daumcdn.net%2Fmovie%2F778e2ed5a55cefe904bc6ecac81a82ae55cfa19a, 권하정, 감독
29,http://img1.daumcdn.net/thumb/C116x168/?fname=https%3A%2F%2Ft1.daumcdn.net%2Fmovie%2F778e2ed5a55cefe904bc6ecac81a82ae55cfa19a, 이승윤, 주연
30,http://img1.daumcdn.net/thumb/C116x168/?fname=https%3A%2F%2Ft1.daumcdn.net%2Fmovie%2F6b611a9bd31cb70a477dfb53432b9794dfa81485, 아델 림, 감독
30,http://img1.daumcdn.net/thumb/C116x168/?fname=https%3A%2F%2Ft1.daumcdn.net%2Fmovie%2Fa229da0a9e6620a6c8c497fd5d3633f632fc6211, 애슐리 박, 주연
30,http://img1.daumcdn.net/thumb/C116x168/?fname=https%3A%2F%2Ft1.daumcdn.net%2Fmovie%2F385e42803923a2bf5c988ba682f2c2424f7abe34, 스테파니 수, 주연
30,http://img1.daumcdn.net/thumb/C116x168/?fname=https%3A%2F%2Ft1.daumcdn.net%2Fmovie%2Fd89560f572752bc0e7d5fe028887baa41e26fbb3, 셰리 콜라, 주연
30,http://img1.daumcdn.net/thumb/C116x168/?fname=https%3A%2F%2Ft1.daumcdn.net%2Fmovie%2F2f9a8bb71d0f52c4777969cfd9a964adedc2a3ee, 사브리나 우, 주연
30,http://img1.daumcdn.net/thumb/C116x168/?fname=http%3A%2F%2Ft1.daumcdn.net%2Fcfile%2F122EFB10AE22E90F5D, 데이비드 덴맨, 출연
30,http://img1.daumcdn.net/thumb/C116x168/?fname=http%3A%2F%2Ft1.daumcdn.net%2Fcfile%2F154875564D4B354124, 애니 머몰로, 출연
31,http://img1.daumcdn.net/thumb/C116x168/?fname=http%3A%2F%2Ft1.daumcdn.net%2Fcfile%2F27502B3E5350A2B905, 황윤, 감독
31,http://img1.daumcdn.net/thumb/C116x168/?fname=http%3A%2F%2Ft1.daumcdn.net%2Fcfile%2F27502B3E5350A2B905, 황윤, 감독
31,http://img1.daumcdn.net/thumb/C116x168/?fname=http%3A%2F%2Ft1.daumcdn.net%2Fcfile%2F27502B3E5350A2B905, 황윤, 주연
31,http://img1.daumcdn.net/thumb/C116x168/?fname=http%3A%2F%2Ft1.daumcdn.net%2Fcfile%2F27502B3E5350A2B905, 황윤, 감독
31,http://img1.daumcdn.net/thumb/C116x168/?fname=http%3A%2F%2Ft1.daumcdn.net%2Fcfile%2F27502B3E5350A2B905, 황윤, 감독
32,http://img1.daumcdn.net/thumb/C116x168/?fname=http%3A%2F%2Ft1.daumcdn.net%2Fcfile%2F134A5410ADF94CEDA9, 웨인 왕, 감독
32,http://img1.daumcdn.net/thumb/C116x168/?fname=https%3A%2F%2Ft1.daumcdn.net%2Fmovie%2F810166cf90182a7af6eb5a9e1c591546f77ba110, 저스틴 전, 주연
32,http://img1.daumcdn.net/thumb/C116x168/?fname=http%3A%2F%2Ft1.daumcdn.net%2Fmovie%2Fdb75b499f86233edd0cadb5cb311526689a65137, 재키 정, 주연
32,http://img1.daumcdn.net/thumb/C116x168/?fname=http%3A%2F%2Ft1.daumcdn.net%2Fmovie%2F5fd8b1330a591d16b2f1abb67454865f1af56d3d, 크리스티나 줄리 킴, 출연
32,http://img1.daumcdn.net/thumb/C116x168/?fname=http%3A%2F%2Ft1.daumcdn.net%2Fcfile%2F134A5410ADF94CEDA9, 웨인 왕, 감독
32,http://img1.daumcdn.net/thumb/C116x168/?fname=http%3A%2F%2Ft1.daumcdn.net%2Fcfile%2F134A5410ADF94CEDA9, 웨인 왕, 각본
32,http://img1.daumcdn.net/thumb/C116x168/?fname=http%3A%2F%2Ft1.daumcdn.net%2Fcfile%2F134A5410ADF94CEDA9, 웨인 왕, 감독
33,http://img1.daumcdn.net/thumb/C116x168/?fname=https%3A%2F%2Ft1.daumcdn.net%2Fmovie%2Fe2a5d006b2da0d13eda7e14080510bb0c30655b9, 미아 한센 로브, 감독
33,http://img1.daumcdn.net/thumb/C116x168/?fname=https%3A%2F%2Ft1.daumcdn.net%2Fmovie%2F5cc2aaa2b58617efa41af3067bab97eac2e6079b, 레아 세두, 주연
33,http://img1.daumcdn.net/thumb/C116x168/?fname=http%3A%2F%2Ft1.daumcdn.net%2Fcfile%2F116DB110B1B3C25497, 파스칼 그레고리, 주연
33,http://img1.daumcdn.net/thumb/C116x168/?fname=http%3A%2F%2Ft1.daumcdn.net%2Fcfile%2F11497B10B0AA45628E, 멜빌 푸포, 주연
33,http://img1.daumcdn.net/thumb/C116x168/?fname=http%3A%2F%2Ft1.daumcdn.net%2Fcfile%2F11497810B0AC0B0493, 니콜 가르시아, 출연
33,http://img1.daumcdn.net/thumb/C116x168/?fname=https%3A%2F%2Ft1.daumcdn.net%2Fmovie%2Fe2a5d006b2da0d13eda7e14080510bb0c30655b9, 미아 한센 로브, 감독
33,http://img1.daumcdn.net/thumb/C116x168/?fname=https%3A%2F%2Ft1.daumcdn.net%2Fmovie%2Fe2a5d006b2da0d13eda7e14080510bb0c30655b9, 미아 한센 로브, 감독
34, http://img1.daumcdn.net/thumb/C116x168/?fname=https%3A%2F%2Ft1.daumcdn.net%2Fmovie%2F300ea378f129b8261342b0584e0e701b4cc60d23,  쥬세페 토르나토레,  감독
34, http://img1.daumcdn.net/thumb/C116x168/?fname=http%3A%2F%2Ft1.daumcdn.net%2Fcfile%2F14110210A86D059762,   모리꼬네,  주연
34, http://img1.daumcdn.net/thumb/C116x168/?fname=http%3A%2F%2Ft1.daumcdn.net%2Fcfile%2F15182E10AE55A9052F,  클린트 이스트우드,  주연
34, http://img1.daumcdn.net/thumb/C116x168/?fname=http%3A%2F%2Ft1.daumcdn.net%2Fmovie%2F0f881b560e751775230eb18720c443c8230f0349,  쿠엔틴 타란티노,  주연
34, http://img1.daumcdn.net/thumb/C116x168/?fname=http%3A%2F%2Ft1.daumcdn.net%2Fcfile%2F134A8F10AE0CFF9E29,  존 윌리엄스,  주연
34, http://img1.daumcdn.net/thumb/C116x168/?fname=http%3A%2F%2Ft1.daumcdn.net%2Fcfile%2F1240D410ADFB2CD902,  한스 짐머,  주연
34, http://img1.daumcdn.net/thumb/C116x168/?fname=http%3A%2F%2Ft1.daumcdn.net%2Fcfile%2F124A5410AE53D02374,  왕가위,  주연
35, http://img1.daumcdn.net/thumb/C116x168/?fname=https%3A%2F%2Ft1.daumcdn.net%2Fmovie%2Feb3ab58bde4d20c097b888dd5c5565d78dbeede0,  리카르드 쿠소,  감독
35, http://img1.daumcdn.net/thumb/C116x168/?fname=https%3A%2F%2Ft1.daumcdn.net%2Fmovie%2Fd35a6e99ee4064da87bd5dac12b111cd1744ab87,  박시윤,  주연
35, http://img1.daumcdn.net/thumb/C116x168/?fname=http%3A%2F%2Ft1.daumcdn.net%2Fmovie%2F9e31ebf23924a2c1964ff758e359caf702fe55d2,  최정현,  주연
35, http://img1.daumcdn.net/thumb/C116x168/?fname=http%3A%2F%2Ft1.daumcdn.net%2Fcfile%2F1575F54E4FA9B1CF28,  미란다 타프셀,  주연
35, http://img1.daumcdn.net/thumb/C116x168/?fname=http%3A%2F%2Ft1.daumcdn.net%2Fcfile%2F122D7A43504C8B0006,  로스 노블,  주연
35, http://img1.daumcdn.net/thumb/C116x168/?fname=http%3A%2F%2Ft1.daumcdn.net%2Fmovie%2F615e083c6816851f733855cfc2de5a1309858520,  케이트 머피,  주연
35, http://img1.daumcdn.net/thumb/C116x168/?fname=https%3A%2F%2Ft1.daumcdn.net%2Fmovie%2Feb3ab58bde4d20c097b888dd5c5565d78dbeede0,  리카르드 쿠소,  주연
36,http://img1.daumcdn.net/thumb/C116x168/?fname=https%3A%2F%2Ft1.daumcdn.net%2Fmovie%2Fc60247003e860c727c8cb751c9e59cf73e35d8c7, 최원경, 감독
36,http://img1.daumcdn.net/thumb/C116x168/?fname=https%3A%2F%2Ft1.daumcdn.net%2Fmovie%2F0cd8452e857f889f7dea0b51000bf03fc5235e9f, 전병덕, 감독
36,http://img1.daumcdn.net/thumb/C116x168/?fname=https%3A%2F%2Ft1.daumcdn.net%2Fmovie%2Fe89a15fa9b779d8118a78c620633d2130dfbfb18, 이광진, 감독
36,http://img1.daumcdn.net/thumb/C116x168/?fname=https%3A%2F%2Ft1.daumcdn.net%2Fmovie%2F06e9398c1fc5afc30aba611c7d2ca30f6237bd33, 지삼, 감독
36,http://img1.daumcdn.net/thumb/C116x168/?fname=https%3A%2F%2Ft1.daumcdn.net%2Fmovie%2Fc39247cf3c62bc2bd5ce7642c21a5b594ffedf26, 김장미, 감독
36,http://img1.daumcdn.net/thumb/C116x168/?fname=https%3A%2F%2Ft1.daumcdn.net%2Fmovie%2Fa6eee4acf06544ea1b506b57615e566bd91cb44b, 서형우, 감독
36,http://img1.daumcdn.net/thumb/C116x168/?fname=https%3A%2F%2Ft1.daumcdn.net%2Fmovie%2F02a11b7fbf7b96b791dd08ce96450b71a0b38159, 김민석, 주연
37,http://img1.daumcdn.net/thumb/C116x168/?fname=https%3A%2F%2Ft1.daumcdn.net%2Fmovie%2Fa7aa55e0cb362d739748d04bde897842ddc7b224, 바즈 루어만, 감독
37,http://img1.daumcdn.net/thumb/C116x168/?fname=http%3A%2F%2Ft1.daumcdn.net%2Fcfile%2F124D8810B050B86624, 레오나르도 디카프리오, 주연
37,http://img1.daumcdn.net/thumb/C116x168/?fname=https%3A%2F%2Ft1.daumcdn.net%2Fmovie%2F7096d8a776a250558e96a71083d9d8a8e116f2fe, 토비 맥과이어, 주연
37,http://img1.daumcdn.net/thumb/C116x168/?fname=https%3A%2F%2Ft1.daumcdn.net%2Fmovie%2F08d2481f6fb37e9b5f33f555e7b15217df151780, 캐리 멀리건, 주연
37,http://img1.daumcdn.net/thumb/C116x168/?fname=https%3A%2F%2Ft1.daumcdn.net%2Fmovie%2F621eb3004a24f15d7f5268649da2d5e197c6e231, 조엘 에저튼, 출연
37,http://img1.daumcdn.net/thumb/C116x168/?fname=https%3A%2F%2Ft1.daumcdn.net%2Fmovie%2Fe814c83b09192ff23ad2e57b794ea75f02ee747e, 아일라 피셔, 출연
37,http://img1.daumcdn.net/thumb/C116x168/?fname=https%3A%2F%2Ft1.daumcdn.net%2Fmovie%2F00766822a3af63e5f87a2a0fbda8314824a9373c, 제이슨 클라크, 출연
38,http://img1.daumcdn.net/thumb/C116x168/?fname=https%3A%2F%2Ft1.daumcdn.net%2Fmovie%2F9d8040c467227e1e3f26226938f2789433330100, 도미니크 데루데레, 감독
38,http://img1.daumcdn.net/thumb/C116x168/?fname=https%3A%2F%2Ft1.daumcdn.net%2Fmovie%2F741cfdd961458d2a06644d65915a78da3e051f39, 타커 니콜라이, 주연
38,http://img1.daumcdn.net/thumb/C116x168/?fname=https%3A%2F%2Ft1.daumcdn.net%2Fmovie%2F45b38a646cbcfbf93f1432ed996d5c8708a4aa9e, 루스 베쿠아르트, 주연
38,http://img1.daumcdn.net/thumb/C116x168/?fname=https%3A%2F%2Ft1.daumcdn.net%2Fmovie%2Fc813448089ba9f0706b6493de71447e9981ba800, 케빈 얀센스, 주연
38,http://img1.daumcdn.net/thumb/C116x168/?fname=https%3A%2F%2Ft1.daumcdn.net%2Fmovie%2F67e61ac3e120ae5460810cf3594bad11ad6761d3, 재커리 샤드린, 주연
38,http://img1.daumcdn.net/thumb/C116x168/?fname=http%3A%2F%2Ft1.daumcdn.net%2Fcfile%2F1802C2034B13E09223, 피에르 보크마, 출연
38,http://img1.daumcdn.net/thumb/C116x168/?fname=http%3A%2F%2Ft1.daumcdn.net%2Fcfile%2F146B8310B0C94646A1, 안 코에상, 출연
39,http://img1.daumcdn.net/thumb/C116x168/?fname=https%3A%2F%2Ft1.daumcdn.net%2Fmovie%2Fe9d55e8df6806db25d7aec2277a5b874cb5e2c70, 형인혁, 감독
39,http://img1.daumcdn.net/thumb/C116x168/?fname=https%3A%2F%2Ft1.daumcdn.net%2Fmovie%2Fe90b8c3047cbe37ba39a2f4cfc1c0f05ec7dd9a2, 데니안, 주연
39,http://img1.daumcdn.net/thumb/C116x168/?fname=https%3A%2F%2Ft1.daumcdn.net%2Fmovie%2Fd53e4639210932267983b3ba7648103c60f26f1e, 김민채, 주연
39,http://img1.daumcdn.net/thumb/C116x168/?fname=http%3A%2F%2Ft1.daumcdn.net%2Fcfile%2F230FEE4A51C93AD026, 홍경인, 출연
39,http://img1.daumcdn.net/thumb/C116x168/?fname=https%3A%2F%2Ft1.daumcdn.net%2Fmovie%2Fd3f0ae56d83586651bf3dd618c76ddc6d19cc909, 김태균, 출연
39,http://img1.daumcdn.net/thumb/C116x168/?fname=https%3A%2F%2Ft1.daumcdn.net%2Fmovie%2Fecfabaf631b685c90c85c50464df44f5915f4cec, 이윤지, 출연
40,http://img1.daumcdn.net/thumb/C116x168/?fname=http%3A%2F%2Ft1.daumcdn.net%2Fmovie%2F7255207a487e4f3c85205045d4776a3e1536833563211, 이시카와 케이, 감독
40,http://img1.daumcdn.net/thumb/C116x168/?fname=http%3A%2F%2Ft1.daumcdn.net%2Fcfile%2F134A8F10AE0F541A55, 츠마부키 사토시, 주연
40,http://img1.daumcdn.net/thumb/C116x168/?fname=https%3A%2F%2Ft1.daumcdn.net%2Fmovie%2F14f3c0af8b69f37679762c14f703c90e10b65372, 안도 사쿠라, 주연
40,http://img1.daumcdn.net/thumb/C116x168/?fname=http%3A%2F%2Ft1.daumcdn.net%2Fcfile%2F180BCA0C4AEAA3D476, 쿠보타 마사타카, 주연
40,http://img1.daumcdn.net/thumb/C116x168/?fname=http%3A%2F%2Ft1.daumcdn.net%2Fcfile%2F125F07474ED517E504, 세이노 나나, 출연
40,http://img1.daumcdn.net/thumb/C116x168/?fname=http%3A%2F%2Ft1.daumcdn.net%2Fmovie%2F205ede6794970a0e55e902cf08e2e764b45f23c0, 마시마 히데카즈, 출연
40,http://img1.daumcdn.net/thumb/C116x168/?fname=http%3A%2F%2Ft1.daumcdn.net%2Fcfile%2F2263834352A86A8317, 코야부 카즈토요, 출연
41, http://img1.daumcdn.net/thumb/C116x168/?fname=http%3A%2F%2Ft1.daumcdn.net%2Fmovie%2F19e25e370b2b33db21d1168f26052bf50f8d2a2a,  노엘 클리어리,  감독
41, http://img1.daumcdn.net/thumb/C116x168/?fname=http%3A%2F%2Ft1.daumcdn.net%2Fmovie%2F19e25e370b2b33db21d1168f26052bf50f8d2a2a,  노엘 클리어리,  감독
41, http://img1.daumcdn.net/thumb/C116x168/?fname=http%3A%2F%2Ft1.daumcdn.net%2Fmovie%2Fb5700677d795ea4e23c94140ac1178bd5bf2e6dc,  석승훈,  주연
41, http://img1.daumcdn.net/thumb/C116x168/?fname=http%3A%2F%2Ft1.daumcdn.net%2Fmovie%2F453bec2b83b0eede31bfc469344397e80c9b3071,  코코 잭 길리스,  주연
41, http://img1.daumcdn.net/thumb/C116x168/?fname=https%3A%2F%2Ft1.daumcdn.net%2Fmovie%2Fed708fa31bcc128b00ada2288557256832b93e98,  벤슨 잭 앤서니,  주연
41, http://img1.daumcdn.net/thumb/C116x168/?fname=http%3A%2F%2Ft1.daumcdn.net%2Fcfile%2F1573F9474E70C6DE33,  저스틴 클라크,  출연
41, http://img1.daumcdn.net/thumb/C116x168/?fname=http%3A%2F%2Ft1.daumcdn.net%2Fmovie%2F19e25e370b2b33db21d1168f26052bf50f8d2a2a,  노엘 클리어리,  감독
42, http://img1.daumcdn.net/thumb/C116x168/?fname=https%3A%2F%2Ft1.daumcdn.net%2Fmovie%2F9a1e8e09e19572941984bf9802babe4a99415937,  타치카와 유즈루,  감독
42, http://img1.daumcdn.net/thumb/C116x168/?fname=https%3A%2F%2Ft1.daumcdn.net%2Fmovie%2F9a1e8e09e19572941984bf9802babe4a99415937,  타카야마 미나미,  주연
42, http://img1.daumcdn.net/thumb/C116x168/?fname=http%3A%2F%2Ft1.daumcdn.net%2Fcfile%2F156EAA1049F0BE3205,  야마자키 와카나,  주연
42, http://img1.daumcdn.net/thumb/C116x168/?fname=http%3A%2F%2Ft1.daumcdn.net%2Fcfile%2F152A15124A40853458,  코야마 리키야,  주연
42, http://img1.daumcdn.net/thumb/C116x168/?fname=http%3A%2F%2Ft1.daumcdn.net%2Fcfile%2F11247F0C49F14145CC,  하야시바라 메구미,  출연
42, http://img1.daumcdn.net/thumb/C116x168/?fname=http%3A%2F%2Ft1.daumcdn.net%2Fcfile%2F1421C31949F16815E3,  호리 유키토시,  출연
42, http://img1.daumcdn.net/thumb/C116x168/?fname=http%3A%2F%2Ft1.daumcdn.net%2Fcfile%2F1340D410AE31A1831B,  타치키 후미히코,  출연
43,http://img1.daumcdn.net/thumb/C116x168/?fname=http%3A%2F%2Ft1.daumcdn.net%2Fcfile%2F235BB650536DBDAA25, 구지현, 감독
43,http://img1.daumcdn.net/thumb/C116x168/?fname=http%3A%2F%2Ft1.daumcdn.net%2Fcfile%2F126A3410B091E95716, 이영란, 주연
43,http://img1.daumcdn.net/thumb/C116x168/?fname=http%3A%2F%2Ft1.daumcdn.net%2Fcfile%2F235BB650536DBDAA25, 구지현, 감독
43,http://img1.daumcdn.net/thumb/C116x168/?fname=https%3A%2F%2Ft1.daumcdn.net%2Fmovie%2F8ce6e8c7485fcf0f687c86ddc722803916f9bbe4, 유재희, 출연
43,http://img1.daumcdn.net/thumb/C116x168/?fname=https%3A%2F%2Ft1.daumcdn.net%2Fmovie%2F29c5b5c888e1d4948e8e189721f57a52e2c87b1a, 백송하, 출연
44, http://img1.daumcdn.net/thumb/C116x168/?fname=http%3A%2F%2Ft1.daumcdn.net%2Fcfile%2F13714F334FEE806D1E,  백승기,  감독
44, http://img1.daumcdn.net/thumb/C116x168/?fname=https%3A%2F%2Ft1.daumcdn.net%2Fmovie%2Fe5d5b2925df7302bb55103b056ea1e5422cf77b7,  정광우,  주연
44, http://img1.daumcdn.net/thumb/C116x168/?fname=http%3A%2F%2Ft1.daumcdn.net%2Fmovie%2Fbb50d2968301ea427967bc8d35a88658ba38d6db,  서현민,  주연
44, http://img1.daumcdn.net/thumb/C116x168/?fname=https%3A%2F%2Ft1.daumcdn.net%2Fmovie%2F800579a48034f13d3067d58ea203427ece7783b9,  손이용,  주연
44, http://img1.daumcdn.net/thumb/C116x168/?fname=http%3A%2F%2Ft1.daumcdn.net%2Fcfile%2F13714F334FEE806D1E,  백승기,  감독
44, http://img1.daumcdn.net/thumb/C116x168/?fname=http%3A%2F%2Ft1.daumcdn.net%2Fcfile%2F276A2F4753BF7D3221,  손규진,  출연
44, http://img1.daumcdn.net/thumb/C116x168/?fname=https%3A%2F%2Ft1.daumcdn.net%2Fmovie%2Ffec63a1039d275d69a895790e83305858d41fcc8,  김단비,  출연
45,http://img1.daumcdn.net/thumb/C116x168/?fname=https%3A%2F%2Ft1.daumcdn.net%2Fmovie%2Fee1e1f3d7f5461eacc8eaf90e3d398392fe1afd3, 고희영, 감독
45,http://img1.daumcdn.net/thumb/C116x168/?fname=https%3A%2F%2Ft1.daumcdn.net%2Fmovie%2F83412aa1a4685339dcca92b3bbc02d0c1d6c2d2e, 채지애, 주연
45,http://img1.daumcdn.net/thumb/C116x168/?fname=https%3A%2F%2Ft1.daumcdn.net%2Fmovie%2F88faf3ee3948457a1331c279c7e0f2d23654bff5, 현순직, 주연
46,http://img1.daumcdn.net/thumb/C116x168/?fname=https%3A%2F%2Ft1.daumcdn.net%2Fmovie%2Fbb42ac9313252302586277ba5166d21e8e242dd0, 오기가미 나오코, 감독
46,http://img1.daumcdn.net/thumb/C116x168/?fname=http%3A%2F%2Ft1.daumcdn.net%2Fcfile%2F1465CD10B088BB9127, 마츠야마 켄이치, 주연
46,http://img1.daumcdn.net/thumb/C116x168/?fname=http%3A%2F%2Ft1.daumcdn.net%2Fmovie%2Fmovie-photo%2F87%2F73%2F337387%2Fpeople_337387.jpg, 무로 츠요시, 주연
46,http://img1.daumcdn.net/thumb/C116x168/?fname=http%3A%2F%2Ft1.daumcdn.net%2Fcfile%2F112F00164BBBE03F5F, 미츠시마 히카리, 주연
46,http://img1.daumcdn.net/thumb/C116x168/?fname=http%3A%2F%2Ft1.daumcdn.net%2Fcfile%2F15462010B073596622, 요시오카 히데타카, 주연
46,http://img1.daumcdn.net/thumb/C116x168/?fname=http%3A%2F%2Ft1.daumcdn.net%2Fcfile%2F182082194A4C6BF1C7, 에구치 노리코, 출연
46,http://img1.daumcdn.net/thumb/C116x168/?fname=https%3A%2F%2Ft1.daumcdn.net%2Fmovie%2Fbb42ac9313252302586277ba5166d21e8e242dd0, 오기가미 나오코, 감독
47,http://img1.daumcdn.net/thumb/C116x168/?fname=http%3A%2F%2Ft1.daumcdn.net%2Fcfile%2F205822374E3B95C33C, 사토 아마네, 감독
47,http://img1.daumcdn.net/thumb/C116x168/?fname=http%3A%2F%2Ft1.daumcdn.net%2Fcfile%2F205822374E3B95C33C, 사토 아마네, 감독
47,http://img1.daumcdn.net/thumb/C116x168/?fname=http%3A%2F%2Ft1.daumcdn.net%2Fcfile%2F205822374E3B95C33C, 사토 아마네, 감독
47,http://img1.daumcdn.net/thumb/C116x168/?fname=http%3A%2F%2Ft1.daumcdn.net%2Fcfile%2F205822374E3B95C33C, 이마오카 신지, 각본
48,http://img1.daumcdn.net/thumb/C116x168/?fname=http%3A%2F%2Ft1.daumcdn.net%2Fcfile%2F1369CF164C235C0A84, 미우라 다이스케, 감독
48,http://img1.daumcdn.net/thumb/C116x168/?fname=https%3A%2F%2Ft1.daumcdn.net%2Fmovie%2Fe76cef0ac9ecbd09857c90f0cfbe3571f51708a4, 이케마츠 소스케, 주연
48,http://img1.daumcdn.net/thumb/C116x168/?fname=http%3A%2F%2Ft1.daumcdn.net%2Fcfile%2F20101D3E5152BEEF03, 카도와키 무기, 주연
48,http://img1.daumcdn.net/thumb/C116x168/?fname=http%3A%2F%2Ft1.daumcdn.net%2Fcfile%2F1469E61B4A443D7708, 아라이 히로후미, 출연
48,http://img1.daumcdn.net/thumb/C116x168/?fname=http%3A%2F%2Ft1.daumcdn.net%2Fcfile%2F197D2E424DD3A6DD04, 타키토 켄이치, 출연
48,http://img1.daumcdn.net/thumb/C116x168/?fname=http%3A%2F%2Ft1.daumcdn.net%2Fcfile%2F116DB110B19661B66D, 미츠야 요코, 출연
48,http://img1.daumcdn.net/thumb/C116x168/?fname=http%3A%2F%2Ft1.daumcdn.net%2Fcfile%2F196E8F134BB18255C9, 나카무라 에리코, 출연
49,http://img1.daumcdn.net/thumb/C116x168/?fname=http%3A%2F%2Ft1.daumcdn.net%2Fcfile%2F136D6C10B165590C31, 빈센조 나탈리, 감독
49,http://img1.daumcdn.net/thumb/C116x168/?fname=https%3A%2F%2Ft1.daumcdn.net%2Fmovie%2Fad8696da979a0ec67e31a65c801a9889cc7af38c, 애드리언 브로디, 주연
49,http://img1.daumcdn.net/thumb/C116x168/?fname=http%3A%2F%2Ft1.daumcdn.net%2Fcfile%2F192B5750502760A80B, 사라 폴리, 주연
49,http://img1.daumcdn.net/thumb/C116x168/?fname=http%3A%2F%2Ft1.daumcdn.net%2Fcfile%2F127B1A244B4DF3EA14, 델핀 샤네끄, 주연
49,http://img1.daumcdn.net/thumb/C116x168/?fname=http%3A%2F%2Ft1.daumcdn.net%2Fcfile%2F12165B1749E2E3B8B0, 아비게일 추, 주연
49,http://img1.daumcdn.net/thumb/C116x168/?fname=http%3A%2F%2Ft1.daumcdn.net%2Fcfile%2F1246C810ADFE520558, 데이빗 휴렛, 출연
49,http://img1.daumcdn.net/thumb/C116x168/?fname=http%3A%2F%2Ft1.daumcdn.net%2Fmovie%2Fmovie-photo%2F64%2F80%2F378064%2Fpeople_378064.jpg, 브랜든 맥기번, 출연
50,http://img1.daumcdn.net/thumb/C116x168/?fname=https%3A%2F%2Ft1.daumcdn.net%2Fmovie%2F2aef0febddd9b82a9c29477e7c5595f0f0a0bdbd, 줄리엔 크나포, 감독
50,http://img1.daumcdn.net/thumb/C116x168/?fname=https%3A%2F%2Ft1.daumcdn.net%2Fmovie%2F2aef0febddd9b82a9c29477e7c5595f0f0a0bdbd, 이아니 베다드, 주연
50,http://img1.daumcdn.net/thumb/C116x168/?fname=http%3A%2F%2Ft1.daumcdn.net%2Fcfile%2F11498110B073537EC1, 로이 드퓌, 출연
50,http://img1.daumcdn.net/thumb/C116x168/?fname=http%3A%2F%2Ft1.daumcdn.net%2Fcfile%2F146E0210B1A53A347D, 마리안느 포티어, 출연
50,http://img1.daumcdn.net/thumb/C116x168/?fname=http%3A%2F%2Ft1.daumcdn.net%2Fmovie%2F8296ca85900512dbd7d9acf45efe002f0ed0ab0d, 안-엘리자베트 보세, 출연
50,http://img1.daumcdn.net/thumb/C116x168/?fname=http%3A%2F%2Ft1.daumcdn.net%2Fcfile%2F156EBC194A33DF7CCB, 클라우디아 페리, 출연
50,http://img1.daumcdn.net/thumb/C116x168/?fname=http%3A%2F%2Ft1.daumcdn.net%2Fmovie%2F7ee8aa35cb8d338269d2f0d742a4483cc4e63fe6, 밀렌 맥케이, 출연
51,http://img1.daumcdn.net/thumb/C116x168/?fname=http%3A%2F%2Ft1.daumcdn.net%2Fcfile%2F144A5410AE22A0C8C9, 윤준형, 감독
51,http://img1.daumcdn.net/thumb/C116x168/?fname=https%3A%2F%2Ft1.daumcdn.net%2Fmovie%2F54a9940d27afc59eecd06c5c3b76744a9c1241f3, 주원, 주연
51,http://img1.daumcdn.net/thumb/C116x168/?fname=https%3A%2F%2Ft1.daumcdn.net%2Fmovie%2F490af559df02c7f5b70d1b80279218a77800d771, 유해진, 주연
51,http://img1.daumcdn.net/thumb/C116x168/?fname=https%3A%2F%2Ft1.daumcdn.net%2Fmovie%2F034863c9e63c8609a40c021935c4427db809a3a6, 이유영, 주연
51,http://img1.daumcdn.net/thumb/C116x168/?fname=http%3A%2F%2Ft1.daumcdn.net%2Fmovie%2F35ac7199a15597124ed4977330b5741845e76cdd, 류혜영, 출연
51,http://img1.daumcdn.net/thumb/C116x168/?fname=https%3A%2F%2Ft1.daumcdn.net%2Fmovie%2F4a71b1c79c14263f933a6c56a8e2c7177e645469, 이준혁, 출연
51,http://img1.daumcdn.net/thumb/C116x168/?fname=https%3A%2F%2Ft1.daumcdn.net%2Fmovie%2Fd17265317253c8ee82618aeeda2cdc85f140169c, 김영웅, 출연
52,http://img1.daumcdn.net/thumb/C116x168/?fname=http%3A%2F%2Ft1.daumcdn.net%2Fcfile%2F126DA944504026482F, 코시카와 미치오, 감독
52,http://img1.daumcdn.net/thumb/C116x168/?fname=http%3A%2F%2Ft1.daumcdn.net%2Fcfile%2F126DA944504026482F, 코시카와 미치오, 감독
52,http://img1.daumcdn.net/thumb/C116x168/?fname=http%3A%2F%2Ft1.daumcdn.net%2Fcfile%2F126DA944504026482F, 코시카와 미치오, 감독
52,http://img1.daumcdn.net/thumb/C116x168/?fname=http%3A%2F%2Ft1.daumcdn.net%2Fcfile%2F126DA944504026482F, 미네 고이치, 출연
52,http://img1.daumcdn.net/thumb/C116x168/?fname=http%3A%2F%2Ft1.daumcdn.net%2Fcfile%2F126DA944504026482F, 코시카와 미치오, 감독
52,http://img1.daumcdn.net/thumb/C116x168/?fname=http%3A%2F%2Ft1.daumcdn.net%2Fcfile%2F126DA944504026482F, 코시카와 미치오, 감독
52,http://img1.daumcdn.net/thumb/C116x168/?fname=http%3A%2F%2Ft1.daumcdn.net%2Fcfile%2F126DA944504026482F, 코시카와 미치오, 감독
53,http://img1.daumcdn.net/thumb/C116x168/?fname=https%3A%2F%2Ft1.daumcdn.net%2Fmovie%2Fa914fc2d3af3496e92fe1ec6e0707b21eabf926a, 타니구치 고로, 감독
53,http://img1.daumcdn.net/thumb/C116x168/?fname=http%3A%2F%2Ft1.daumcdn.net%2Fcfile%2F1260C910ADFFACD32E, 타나카 마유미, 주연
53,http://img1.daumcdn.net/thumb/C116x168/?fname=http%3A%2F%2Ft1.daumcdn.net%2Fcfile%2F1340D410AE56E5CACD, 나카이 카즈야, 주연
53,http://img1.daumcdn.net/thumb/C116x168/?fname=http%3A%2F%2Ft1.daumcdn.net%2Fcfile%2F171F140E49CC6AF544, 오카무라 아케미, 주연
53,http://img1.daumcdn.net/thumb/C116x168/?fname=http%3A%2F%2Ft1.daumcdn.net%2Fcfile%2F13182E10AE1D84C10D, 야마구치 캇페이, 주연
53,http://img1.daumcdn.net/thumb/C116x168/?fname=http%3A%2F%2Ft1.daumcdn.net%2Fcfile%2F142EFB10AE2424A775, 히라타 히로아키, 출연
53,http://img1.daumcdn.net/thumb/C116x168/?fname=http%3A%2F%2Ft1.daumcdn.net%2Fcfile%2F110D7C10AE039F85E4, 오오타니 이쿠에, 출연
54, http://img1.daumcdn.net/thumb/C116x168/?fname=http%3A%2F%2Ft1.daumcdn.net%2Fcfile%2F200AB3294AE0A9A80C,  박신우,  감독
54, http://img1.daumcdn.net/thumb/C116x168/?fname=http%3A%2F%2Ft1.daumcdn.net%2Fmovie%2F556b259e370e2054b4ae4ce6fbede72b55b167b0,  한석규,  주연
54, http://img1.daumcdn.net/thumb/C116x168/?fname=http%3A%2F%2Ft1.daumcdn.net%2Fmovie%2F6737757dddd8bcadd587e5db8fb55ced30a9bd3f,  손예진,  주연
54, http://img1.daumcdn.net/thumb/C116x168/?fname=https%3A%2F%2Ft1.daumcdn.net%2Fmovie%2F6afb834bef02234c4a2e73e9ad0908ac2ac295ee,  고수,  주연
54, http://img1.daumcdn.net/thumb/C116x168/?fname=https%3A%2F%2Ft1.daumcdn.net%2Fmovie%2F1ca22b81b1b8221fe1429bdbd22ff6aa68621cb6,  이민정,  출연
54, http://img1.daumcdn.net/thumb/C116x168/?fname=https%3A%2F%2Ft1.daumcdn.net%2Fmovie%2F776ed162396116a8192c011f806ade4fae652574,  박성웅,  출연
54, http://img1.daumcdn.net/thumb/C116x168/?fname=http%3A%2F%2Ft1.daumcdn.net%2Fcfile%2F15404110AE074B5509,  차화연,  출연
55,http://img1.daumcdn.net/thumb/C116x168/?fname=http%3A%2F%2Ft1.daumcdn.net%2Fmovie%2F0151129ad146fe23796c19eb141ff35831221aa8, 유하, 감독
55,http://img1.daumcdn.net/thumb/C116x168/?fname=https%3A%2F%2Ft1.daumcdn.net%2Fmovie%2Fab2933753dc87641e57d4d08c0924c584531e53f, 조인성, 주연
55,http://img1.daumcdn.net/thumb/C116x168/?fname=http%3A%2F%2Ft1.daumcdn.net%2Fmovie%2F651099b91ff8dd1ea60a0a65c37e0b435429850e, 주진모, 주연
55,http://img1.daumcdn.net/thumb/C116x168/?fname=http%3A%2F%2Ft1.daumcdn.net%2Fmovie%2F441fcd4093e0d8638ea8f4ced7191c19fd2df5fd, 송지효, 주연
55,http://img1.daumcdn.net/thumb/C116x168/?fname=http%3A%2F%2Ft1.daumcdn.net%2Fcfile%2F127DB03E502881C00E, 심지호, 출연
55,http://img1.daumcdn.net/thumb/C116x168/?fname=https%3A%2F%2Ft1.daumcdn.net%2Fmovie%2Fa3c401984d2558b0db256a6d8368264fc99dbe7d, 임주환, 출연
55,http://img1.daumcdn.net/thumb/C116x168/?fname=http%3A%2F%2Ft1.daumcdn.net%2Fcfile%2F223C1B47538768EF0B, 여욱환, 출연
56,http://img1.daumcdn.net/thumb/C116x168/?fname=http%3A%2F%2Ft1.daumcdn.net%2Fcfile%2F1143C6174C1FB01908, 장철수, 감독
56,http://img1.daumcdn.net/thumb/C116x168/?fname=https%3A%2F%2Ft1.daumcdn.net%2Fmovie%2Fba9833077e9814f48b74220fe5b9f004de75262f, 김수현, 주연
56,http://img1.daumcdn.net/thumb/C116x168/?fname=https%3A%2F%2Ft1.daumcdn.net%2Fmovie%2Fc6f79b3bdcbf5e3db4385f243fdb2d40f0216be6, 박기웅, 주연
56,http://img1.daumcdn.net/thumb/C116x168/?fname=https%3A%2F%2Ft1.daumcdn.net%2Fmovie%2F3994582d76f1631f0ae64c4bfd6c54baf722d093, 이현우, 주연
56,http://img1.daumcdn.net/thumb/C116x168/?fname=https%3A%2F%2Ft1.daumcdn.net%2Fmovie%2Fcd812b33015998a8c5d2f17daacce20285e114f8, 손현주, 출연
56,http://img1.daumcdn.net/thumb/C116x168/?fname=http%3A%2F%2Ft1.daumcdn.net%2Fcfile%2F1546CC10AE00BE7E84, 박혜숙, 출연
56,http://img1.daumcdn.net/thumb/C116x168/?fname=http%3A%2F%2Ft1.daumcdn.net%2Fmovie%2F7af05b198b5523f6deca05623ee3b3b423e8a740, 고창석, 출연
57,http://img1.daumcdn.net/thumb/C116x168/?fname=http%3A%2F%2Ft1.daumcdn.net%2Fcfile%2F1446C810AE54D1BFCD, 애드리안 라인, 감독
57,http://img1.daumcdn.net/thumb/C116x168/?fname=http%3A%2F%2Ft1.daumcdn.net%2Fmovie%2Fmovie-photo%2F84%2F11%2F271184%2Fpeople_271184.jpg, 제레미 아이언스, 주연
57,http://img1.daumcdn.net/thumb/C116x168/?fname=http%3A%2F%2Ft1.daumcdn.net%2Fcfile%2F11657F10ADF8CC9E3B, 멜라니 그리피스, 주연
57,http://img1.daumcdn.net/thumb/C116x168/?fname=http%3A%2F%2Ft1.daumcdn.net%2Fcfile%2F14670910B0C47621BF, 도미니크 스웨인, 주연
57,http://img1.daumcdn.net/thumb/C116x168/?fname=http%3A%2F%2Ft1.daumcdn.net%2Fcfile%2F14404110AE08ECE828, 프랭크 란젤라, 출연
57,http://img1.daumcdn.net/thumb/C116x168/?fname=http%3A%2F%2Ft1.daumcdn.net%2Fcfile%2F124A5410AE01EB1553, 수잔 셰퍼드, 출연
57,http://img1.daumcdn.net/thumb/C116x168/?fname=http%3A%2F%2Ft1.daumcdn.net%2Fcfile%2F1446C810AE54D1BFCD, 애드리안 라인, 감독
58,http://img1.daumcdn.net/thumb/C116x168/?fname=http%3A%2F%2Ft1.daumcdn.net%2Fmovie%2F6f04f9f7d2dbe3d088bdbe08be769393ce1e96c3, 크리스 콜럼버스, 감독
58,http://img1.daumcdn.net/thumb/C116x168/?fname=https%3A%2F%2Ft1.daumcdn.net%2Fmovie%2F411aeb8ee10637da7bd69580ece2d18ad28f4ccb, 다니엘 래드클리프, 주연
58,http://img1.daumcdn.net/thumb/C116x168/?fname=https%3A%2F%2Ft1.daumcdn.net%2Fmovie%2Fe9e7c9073a36b6bec9e0a4897996cf933f658ad1, 엠마 왓슨, 주연
58,http://img1.daumcdn.net/thumb/C116x168/?fname=https%3A%2F%2Ft1.daumcdn.net%2Fmovie%2Fe5bcf7a1eb4fdd44a8fb8a5fbd0dafd9bbd43060, 루퍼트 그린트, 주연
58,http://img1.daumcdn.net/thumb/C116x168/?fname=http%3A%2F%2Ft1.daumcdn.net%2Fcfile%2F12182E10AE57309A42, 리처드 해리스, 출연
58,http://img1.daumcdn.net/thumb/C116x168/?fname=http%3A%2F%2Ft1.daumcdn.net%2Fcfile%2F124A5410ADFAF480C8, 매기 스미스, 출연
58,http://img1.daumcdn.net/thumb/C116x168/?fname=http%3A%2F%2Ft1.daumcdn.net%2Fcfile%2F1446CC10ADFAF6FE18, 로비 콜트레인, 출연
59,http://img1.daumcdn.net/thumb/C116x168/?fname=http%3A%2F%2Ft1.daumcdn.net%2Fmovie%2F6f04f9f7d2dbe3d088bdbe08be769393ce1e96c3, 크리스 콜럼버스, 감독
59,http://img1.daumcdn.net/thumb/C116x168/?fname=https%3A%2F%2Ft1.daumcdn.net%2Fmovie%2F411aeb8ee10637da7bd69580ece2d18ad28f4ccb, 다니엘 래드클리프, 주연
59,http://img1.daumcdn.net/thumb/C116x168/?fname=https%3A%2F%2Ft1.daumcdn.net%2Fmovie%2Fe5bcf7a1eb4fdd44a8fb8a5fbd0dafd9bbd43060, 루퍼트 그린트, 주연
59,http://img1.daumcdn.net/thumb/C116x168/?fname=https%3A%2F%2Ft1.daumcdn.net%2Fmovie%2Fe9e7c9073a36b6bec9e0a4897996cf933f658ad1, 엠마 왓슨, 주연
59,http://img1.daumcdn.net/thumb/C116x168/?fname=https%3A%2F%2Ft1.daumcdn.net%2Fmovie%2F5274341d8016f005e4bf0322d22326d0839cc7bb, 케네스 브래너, 출연
59,http://img1.daumcdn.net/thumb/C116x168/?fname=http%3A%2F%2Ft1.daumcdn.net%2Fcfile%2F1246C810AE546E6BC8, 워릭 데이비스, 출연
59,http://img1.daumcdn.net/thumb/C116x168/?fname=http%3A%2F%2Ft1.daumcdn.net%2Fcfile%2F231B58485155BBE910, 리차드 그리피스, 출연
60,http://img1.daumcdn.net/thumb/C116x168/?fname=https%3A%2F%2Ft1.daumcdn.net%2Fmovie%2Fe1ae5f05f9591cdf435da92ad133b524421e29fa, 하라 케이이치, 감독
60,http://img1.daumcdn.net/thumb/C116x168/?fname=https%3A%2F%2Ft1.daumcdn.net%2Fmovie%2Fe1ae5f05f9591cdf435da92ad133b524421e29fa, 토우마 아미, 주연
60,http://img1.daumcdn.net/thumb/C116x168/?fname=https%3A%2F%2Ft1.daumcdn.net%2Fmovie%2F326bd7a53a2fd780697abd955636e3b146af2783, 아시다 마나, 주연
60,http://img1.daumcdn.net/thumb/C116x168/?fname=https%3A%2F%2Ft1.daumcdn.net%2Fmovie%2Fee058d2b2f90018aba321a89397523d803efa548, 키타무라 타쿠미, 주연
60,http://img1.daumcdn.net/thumb/C116x168/?fname=https%3A%2F%2Ft1.daumcdn.net%2Fmovie%2F0a6d566371ade1a399a5b039962b37de09071a8c, 키류 사쿠라, 주연
60,http://img1.daumcdn.net/thumb/C116x168/?fname=https%3A%2F%2Ft1.daumcdn.net%2Fmovie%2Fe63154e2cb205c13ba9d56cdf3fe0aaef75a82c0, 이타가키 리히토, 주연
60,http://img1.daumcdn.net/thumb/C116x168/?fname=https%3A%2F%2Ft1.daumcdn.net%2Fmovie%2F6ffbdffce6856b6409ebc6c8dd71dd9978b1417a, 요코미조 나호, 주연
61,http://img1.daumcdn.net/thumb/C116x168/?fname=http%3A%2F%2Ft1.daumcdn.net%2Fcfile%2F126B3E10B182F1676B, 알폰소 쿠아론, 감독
61,http://img1.daumcdn.net/thumb/C116x168/?fname=https%3A%2F%2Ft1.daumcdn.net%2Fmovie%2F411aeb8ee10637da7bd69580ece2d18ad28f4ccb, 다니엘 래드클리프, 주연
61,http://img1.daumcdn.net/thumb/C116x168/?fname=https%3A%2F%2Ft1.daumcdn.net%2Fmovie%2Fe9e7c9073a36b6bec9e0a4897996cf933f658ad1, 엠마 왓슨, 주연
61,http://img1.daumcdn.net/thumb/C116x168/?fname=https%3A%2F%2Ft1.daumcdn.net%2Fmovie%2Fe5bcf7a1eb4fdd44a8fb8a5fbd0dafd9bbd43060, 루퍼트 그린트, 주연
61,http://img1.daumcdn.net/thumb/C116x168/?fname=http%3A%2F%2Ft1.daumcdn.net%2Fcfile%2F1446CC10ADFAF6FE18, 로비 콜트레인, 출연
61,http://img1.daumcdn.net/thumb/C116x168/?fname=https%3A%2F%2Ft1.daumcdn.net%2Fmovie%2F2602a983d38901c40392983f98c9460921c351ab, 게리 올드만, 출연
61,http://img1.daumcdn.net/thumb/C116x168/?fname=http%3A%2F%2Ft1.daumcdn.net%2Fcfile%2F117626494DAC2B100A, 데이빗 듈리스, 출연
62,http://img1.daumcdn.net/thumb/C116x168/?fname=http%3A%2F%2Ft1.daumcdn.net%2Fcfile%2F116D2910B0AC03CD44, 마이크 뉴웰, 감독
62,http://img1.daumcdn.net/thumb/C116x168/?fname=https%3A%2F%2Ft1.daumcdn.net%2Fmovie%2F411aeb8ee10637da7bd69580ece2d18ad28f4ccb, 다니엘 래드클리프, 주연
62,http://img1.daumcdn.net/thumb/C116x168/?fname=https%3A%2F%2Ft1.daumcdn.net%2Fmovie%2Fe9e7c9073a36b6bec9e0a4897996cf933f658ad1, 엠마 왓슨, 주연
62,http://img1.daumcdn.net/thumb/C116x168/?fname=https%3A%2F%2Ft1.daumcdn.net%2Fmovie%2Fe5bcf7a1eb4fdd44a8fb8a5fbd0dafd9bbd43060, 루퍼트 그린트, 주연
62,http://img1.daumcdn.net/thumb/C116x168/?fname=http%3A%2F%2Ft1.daumcdn.net%2Fcfile%2F1954EC0B49D05D0249, 알란 릭맨, 출연
62,http://img1.daumcdn.net/thumb/C116x168/?fname=http%3A%2F%2Ft1.daumcdn.net%2Fmovie%2Fmovie-photo%2F90%2F20%2F272090%2Fpeople_272090.jpg, 마이클 갬본, 출연
62,http://img1.daumcdn.net/thumb/C116x168/?fname=http%3A%2F%2Ft1.daumcdn.net%2Fcfile%2F1446CC10ADFAF6FE18, 로비 콜트레인, 출연
63,http://img1.daumcdn.net/thumb/C116x168/?fname=https%3A%2F%2Ft1.daumcdn.net%2Fmovie%2F02d5e10f6ee8ac68cfb15ccb7658562b28abaa96, 박훈정, 감독
63,http://img1.daumcdn.net/thumb/C116x168/?fname=https%3A%2F%2Ft1.daumcdn.net%2Fmovie%2F02d5e10f6ee8ac68cfb15ccb7658562b28abaa96, 신시아, 주연
63,http://img1.daumcdn.net/thumb/C116x168/?fname=https%3A%2F%2Ft1.daumcdn.net%2Fmovie%2Fd79c4b4842298cef7aa0ff5ff9f665b469f7ef6a, 박은빈, 주연
63,http://img1.daumcdn.net/thumb/C116x168/?fname=https%3A%2F%2Ft1.daumcdn.net%2Fmovie%2Fff8041f467d8a76260122b9d7ba835c4b831a0ee, 서은수, 주연
63,http://img1.daumcdn.net/thumb/C116x168/?fname=https%3A%2F%2Ft1.daumcdn.net%2Fmovie%2F499643629b15baf698370346088793d302fd6cc3, 진구, 주연
63,http://img1.daumcdn.net/thumb/C116x168/?fname=https%3A%2F%2Ft1.daumcdn.net%2Fmovie%2F241185b286afb7d69efe0605e959764a09b8e91d, 성유빈, 주연
63,http://img1.daumcdn.net/thumb/C116x168/?fname=http%3A%2F%2Ft1.daumcdn.net%2Fmovie%2F416bc8d27d4ce18d9f0d632359b684a020873593, 조민수, 주연
64,http://img1.daumcdn.net/thumb/C116x168/?fname=https%3A%2F%2Ft1.daumcdn.net%2Fmovie%2F3cb392a294e5f0d230385f67bcd207afef7d6dbc, 데이빗 예이츠, 감독
64,http://img1.daumcdn.net/thumb/C116x168/?fname=https%3A%2F%2Ft1.daumcdn.net%2Fmovie%2F411aeb8ee10637da7bd69580ece2d18ad28f4ccb, 다니엘 래드클리프, 주연
64,http://img1.daumcdn.net/thumb/C116x168/?fname=https%3A%2F%2Ft1.daumcdn.net%2Fmovie%2Fe9e7c9073a36b6bec9e0a4897996cf933f658ad1, 엠마 왓슨, 주연
64,http://img1.daumcdn.net/thumb/C116x168/?fname=https%3A%2F%2Ft1.daumcdn.net%2Fmovie%2Fe5bcf7a1eb4fdd44a8fb8a5fbd0dafd9bbd43060, 루퍼트 그린트, 주연
64,http://img1.daumcdn.net/thumb/C116x168/?fname=http%3A%2F%2Ft1.daumcdn.net%2Fcfile%2F1546CC10AE1709E038, 이멜다 스턴톤, 출연
64,http://img1.daumcdn.net/thumb/C116x168/?fname=http%3A%2F%2Ft1.daumcdn.net%2Fmovie%2Fmovie-photo%2F90%2F20%2F272090%2Fpeople_272090.jpg, 마이클 갬본, 출연
64,http://img1.daumcdn.net/thumb/C116x168/?fname=https%3A%2F%2Ft1.daumcdn.net%2Fmovie%2F7f08a34c4d835200b0108c1dc97684874d3e0bc7, 매튜 루이스, 출연
65,http://img1.daumcdn.net/thumb/C116x168/?fname=https%3A%2F%2Ft1.daumcdn.net%2Fmovie%2F3cb392a294e5f0d230385f67bcd207afef7d6dbc, 데이빗 예이츠, 감독
65,http://img1.daumcdn.net/thumb/C116x168/?fname=https%3A%2F%2Ft1.daumcdn.net%2Fmovie%2F411aeb8ee10637da7bd69580ece2d18ad28f4ccb, 다니엘 래드클리프, 주연
65,http://img1.daumcdn.net/thumb/C116x168/?fname=https%3A%2F%2Ft1.daumcdn.net%2Fmovie%2Fe5bcf7a1eb4fdd44a8fb8a5fbd0dafd9bbd43060, 루퍼트 그린트, 주연
65,http://img1.daumcdn.net/thumb/C116x168/?fname=https%3A%2F%2Ft1.daumcdn.net%2Fmovie%2Fe9e7c9073a36b6bec9e0a4897996cf933f658ad1, 엠마 왓슨, 주연
65,http://img1.daumcdn.net/thumb/C116x168/?fname=http%3A%2F%2Ft1.daumcdn.net%2Fcfile%2F142EFB10ADFA1FC747, 짐 브로드벤트, 출연
65,http://img1.daumcdn.net/thumb/C116x168/?fname=http%3A%2F%2Ft1.daumcdn.net%2Fcfile%2F1452F00E49D05F6225, 헬레나 본햄 카터, 출연
65,http://img1.daumcdn.net/thumb/C116x168/?fname=http%3A%2F%2Ft1.daumcdn.net%2Fcfile%2F1446CC10ADFAF6FE18, 로비 콜트레인, 출연
66,http://img1.daumcdn.net/thumb/C116x168/?fname=http%3A%2F%2Ft1.daumcdn.net%2Fcfile%2F1246C810ADF7C846DA, 곽경택, 감독
66,http://img1.daumcdn.net/thumb/C116x168/?fname=https%3A%2F%2Ft1.daumcdn.net%2Fmovie%2F8cbdf6cbc8fe7db4d694fd1210bcc492fd1df88f, 권상우, 주연
66,http://img1.daumcdn.net/thumb/C116x168/?fname=https%3A%2F%2Ft1.daumcdn.net%2Fmovie%2F667356bc14915de1a9c7c07131ad50f2c47e3d49, 정려원, 주연
66,http://img1.daumcdn.net/thumb/C116x168/?fname=https%3A%2F%2Ft1.daumcdn.net%2Fmovie%2F3b8713a22660343c04cca305c40741f4a2b9535c, 마동석, 주연
66,http://img1.daumcdn.net/thumb/C116x168/?fname=https%3A%2F%2Ft1.daumcdn.net%2Fmovie%2F509fc8489f972743d3a3bedd7b2232a01c1f3d95, 장영남, 출연
66,http://img1.daumcdn.net/thumb/C116x168/?fname=http%3A%2F%2Ft1.daumcdn.net%2Fcfile%2F113F71284AB97A8504, 김형종, 출연
66,http://img1.daumcdn.net/thumb/C116x168/?fname=http%3A%2F%2Ft1.daumcdn.net%2Fcfile%2F1975521949DDBEFC31, 금동현, 출연
67, http://img1.daumcdn.net/thumb/C116x168/?fname=https%3A%2F%2Ft1.daumcdn.net%2Fmovie%2F9fad9c36e1321adc5dd6345ee6b70597d57504c5,  김수정,  감독
67, http://img1.daumcdn.net/thumb/C116x168/?fname=https%3A%2F%2Ft1.daumcdn.net%2Fmovie%2F0d7e9059bda7576410e400a96d22ce38531cf472,  박서함,  주연
67, http://img1.daumcdn.net/thumb/C116x168/?fname=http%3A%2F%2Ft1.daumcdn.net%2Fmovie%2F9f0ae3b0809ac833fdce3500efced274bd7e57a7,  재찬,  주연
67, http://img1.daumcdn.net/thumb/C116x168/?fname=https%3A%2F%2Ft1.daumcdn.net%2Fmovie%2Fabe315e340e95d5c8e848380cd6a21ebf98543e7,  송지오,  출연
67, http://img1.daumcdn.net/thumb/C116x168/?fname=http%3A%2F%2Ft1.daumcdn.net%2Fmovie%2Ff037e9f559cf20d1b61efe2481dab37e9085b46e,  김노진,  출연
67, http://img1.daumcdn.net/thumb/C116x168/?fname=https%3A%2F%2Ft1.daumcdn.net%2Fmovie%2F1c0116e617db46987508f29a3642d06ac89c16de,  김원기,  출연
67, http://img1.daumcdn.net/thumb/C116x168/?fname=https%3A%2F%2Ft1.daumcdn.net%2Fmovie%2F98c903a1c7b5fd27aa02b3973374e205dd7927a6,  최수견,  출연
68,http://img1.daumcdn.net/thumb/C116x168/?fname=https%3A%2F%2Ft1.daumcdn.net%2Fmovie%2Fb14d8e93d4d9332f46066422b8ac287c632297a4, 루벤 외스틀룬드, 감독
68,http://img1.daumcdn.net/thumb/C116x168/?fname=https%3A%2F%2Ft1.daumcdn.net%2Fmovie%2F57737b581f5de51894999079a80789447a75804e, 해리스 디킨슨, 주연
68,http://img1.daumcdn.net/thumb/C116x168/?fname=https%3A%2F%2Ft1.daumcdn.net%2Fmovie%2Fdef268ab7356c7901e2feac0bb9fa166bab54540, 찰비 딘, 주연
68,http://img1.daumcdn.net/thumb/C116x168/?fname=https%3A%2F%2Ft1.daumcdn.net%2Fmovie%2F86aa2ddaa0aee66a871c9c2ebf21d0bd13efbc1c, 우디 해럴슨, 주연
68,http://img1.daumcdn.net/thumb/C116x168/?fname=https%3A%2F%2Ft1.daumcdn.net%2Fmovie%2F937329e997ec59346aa64b06093cbd12926a60d8, 돌리 드 레온, 주연
68,http://img1.daumcdn.net/thumb/C116x168/?fname=https%3A%2F%2Ft1.daumcdn.net%2Fmovie%2F25cafb2b9c9bc89d0017bc8f66e7e80bca3ef2dc, 즐라트코 버릭, 주연
68,http://img1.daumcdn.net/thumb/C116x168/?fname=https%3A%2F%2Ft1.daumcdn.net%2Fmovie%2F82332224c24b86e4c86129dd307a9a205e55fa5c, 비키 베를린, 주연
69,http://img1.daumcdn.net/thumb/C116x168/?fname=http%3A%2F%2Ft1.daumcdn.net%2Fcfile%2F212E9E495209DEB906, 김용화, 감독
69,http://img1.daumcdn.net/thumb/C116x168/?fname=http%3A%2F%2Ft1.daumcdn.net%2Fcfile%2F1464744A4F4F95A037, 김아중, 주연
69,http://img1.daumcdn.net/thumb/C116x168/?fname=http%3A%2F%2Ft1.daumcdn.net%2Fmovie%2F651099b91ff8dd1ea60a0a65c37e0b435429850e, 주진모, 주연
69,http://img1.daumcdn.net/thumb/C116x168/?fname=http%3A%2F%2Ft1.daumcdn.net%2Fmovie%2F84a8fa8ea4fd5ad9ffefc3b885d755dbc39af00d, 성동일, 출연
69,http://img1.daumcdn.net/thumb/C116x168/?fname=https%3A%2F%2Ft1.daumcdn.net%2Fmovie%2Fa5dd3011a3c9541891e378838a20d32b26d715c2, 김현숙, 출연
69,http://img1.daumcdn.net/thumb/C116x168/?fname=http%3A%2F%2Ft1.daumcdn.net%2Fcfile%2F12402310B030BC431A, 임현식, 출연
69,http://img1.daumcdn.net/thumb/C116x168/?fname=http%3A%2F%2Ft1.daumcdn.net%2Fcfile%2F1120DD10B0323E15CA, 이한위, 출연
70,http://img1.daumcdn.net/thumb/C116x168/?fname=http%3A%2F%2Ft1.daumcdn.net%2Fmovie%2F639a46fee42645dc5e664969465ee16300c1e3d3, 이성한, 감독
70,http://img1.daumcdn.net/thumb/C116x168/?fname=https%3A%2F%2Ft1.daumcdn.net%2Fmovie%2Fa4b99e959ef978900f692142099c650ef4509d2c, 정우, 주연
70,http://img1.daumcdn.net/thumb/C116x168/?fname=http%3A%2F%2Ft1.daumcdn.net%2Fcfile%2F251062425200425F07, 황정음, 출연
70,http://img1.daumcdn.net/thumb/C116x168/?fname=http%3A%2F%2Ft1.daumcdn.net%2Fcfile%2F120D7C10AE27411A97, 양기원, 출연
70,http://img1.daumcdn.net/thumb/C116x168/?fname=https%3A%2F%2Ft1.daumcdn.net%2Fmovie%2F673ce2416b277daa26e841b09b325a00c4a6852f, 손호준, 출연
70,http://img1.daumcdn.net/thumb/C116x168/?fname=http%3A%2F%2Ft1.daumcdn.net%2Fcfile%2F1455C8144AC5A0A130, 권재현, 출연
70,http://img1.daumcdn.net/thumb/C116x168/?fname=http%3A%2F%2Ft1.daumcdn.net%2Fcfile%2F1501DB244ACEC1756F, MC칸, 출연
71,http://img1.daumcdn.net/thumb/C116x168/?fname=http%3A%2F%2Ft1.daumcdn.net%2Fcfile%2F1146CC10AE1F18B8D2, 박성후, 감독
71,http://img1.daumcdn.net/thumb/C116x168/?fname=http%3A%2F%2Ft1.daumcdn.net%2Fcfile%2F1146CC10AE1F18B8D2, 오가타 메구미, 주연
71,http://img1.daumcdn.net/thumb/C116x168/?fname=https%3A%2F%2Ft1.daumcdn.net%2Fmovie%2F94a40762964795a1607edfb795d7ce398f3a4d12, 하나자와 카나, 주연
71,http://img1.daumcdn.net/thumb/C116x168/?fname=https%3A%2F%2Ft1.daumcdn.net%2Fmovie%2F555a23ed3023cca23ae5e0c557bd9438ce6ff7d7, 코마츠 미카코, 출연
71,http://img1.daumcdn.net/thumb/C116x168/?fname=http%3A%2F%2Ft1.daumcdn.net%2Fcfile%2F175B7B114C2B08C73B, 우치야마 코우키, 출연
71,http://img1.daumcdn.net/thumb/C116x168/?fname=http%3A%2F%2Ft1.daumcdn.net%2Fcfile%2F15404110AE19F4A271, 세키 토모카즈, 출연
71,http://img1.daumcdn.net/thumb/C116x168/?fname=http%3A%2F%2Ft1.daumcdn.net%2Fcfile%2F13498210B27863B611, 나카무라 유이치, 출연
72,http://img1.daumcdn.net/thumb/C116x168/?fname=https%3A%2F%2Ft1.daumcdn.net%2Fmovie%2Fba32ab01c0648f46835496af6b0ee52ba3debd42, 추창민, 감독
72,http://img1.daumcdn.net/thumb/C116x168/?fname=http%3A%2F%2Ft1.daumcdn.net%2Fmovie%2F70b49fb3a1053f42986da860cf4a1d47b7422870, 이병헌, 주연
72,http://img1.daumcdn.net/thumb/C116x168/?fname=https%3A%2F%2Ft1.daumcdn.net%2Fmovie%2F477ee19052313c1d7937ad4334dd6a48b015d69e, 류승룡, 주연
72,http://img1.daumcdn.net/thumb/C116x168/?fname=https%3A%2F%2Ft1.daumcdn.net%2Fmovie%2F0007909f71efba0cfe508d68bb479f7592367730, 한효주, 주연
72,http://img1.daumcdn.net/thumb/C116x168/?fname=https%3A%2F%2Ft1.daumcdn.net%2Fmovie%2F97c3e203760d6e50602d56994c55657c17c56ab4, 김인권, 출연
72,http://img1.daumcdn.net/thumb/C116x168/?fname=https%3A%2F%2Ft1.daumcdn.net%2Fmovie%2Fcefbc1161d0bfbda2e2c9bb24b2853f3b79d9fb2, 장광, 출연
72,http://img1.daumcdn.net/thumb/C116x168/?fname=http%3A%2F%2Ft1.daumcdn.net%2Fmovie%2F52c758d65da726ced2d362092f075c23df6070b8, 심은경, 출연
73,http://img1.daumcdn.net/thumb/C116x168/?fname=https%3A%2F%2Ft1.daumcdn.net%2Fmovie%2F8976de049c5cfd0b4c7314ea85097a1fbbca3573, 신카이 마코토, 감독
73,http://img1.daumcdn.net/thumb/C116x168/?fname=http%3A%2F%2Ft1.daumcdn.net%2Fcfile%2F2168B3485417D40C16, 심규혁, 주연
73,http://img1.daumcdn.net/thumb/C116x168/?fname=https%3A%2F%2Ft1.daumcdn.net%2Fmovie%2Ff7b910271109b36f9f45a99326ed7d5cf6f15ce1, 김유림, 주연
73,http://img1.daumcdn.net/thumb/C116x168/?fname=http%3A%2F%2Ft1.daumcdn.net%2Fcfile%2F1147F910AE22F47108, 최한, 주연
73,http://img1.daumcdn.net/thumb/C116x168/?fname=http%3A%2F%2Ft1.daumcdn.net%2Fmovie%2F412a4759a22822ec5ea89ab4838cfba26679246a, 강은애, 주연
73,http://img1.daumcdn.net/thumb/C116x168/?fname=https%3A%2F%2Ft1.daumcdn.net%2Fmovie%2Fb18d5a25b5963901eab9d3e29383f9ed50201f4f, 김서영, 주연
73,http://img1.daumcdn.net/thumb/C116x168/?fname=http%3A%2F%2Ft1.daumcdn.net%2Fcfile%2F1340D410AE04EF57BD, 이장원, 주연
74,http://img1.daumcdn.net/thumb/C116x168/?fname=https%3A%2F%2Ft1.daumcdn.net%2Fmovie%2F8976de049c5cfd0b4c7314ea85097a1fbbca3573, 신카이 마코토, 감독
74,http://img1.daumcdn.net/thumb/C116x168/?fname=https%3A%2F%2Ft1.daumcdn.net%2Fmovie%2F66e441d4f846b2fb1aeabb9f402fd4d7343a2678, 카미키 류노스케, 주연
74,http://img1.daumcdn.net/thumb/C116x168/?fname=http%3A%2F%2Ft1.daumcdn.net%2Fmovie%2Ff49267f34a0201683049e760dec284aa8f80fd3e, 카미시라이시 모네, 주연
74,http://img1.daumcdn.net/thumb/C116x168/?fname=https%3A%2F%2Ft1.daumcdn.net%2Fmovie%2F1b2203948d038f4e9b70c378c85c950c115451d8, 나가사와 마사미, 출연
74,http://img1.daumcdn.net/thumb/C116x168/?fname=http%3A%2F%2Ft1.daumcdn.net%2Fmovie%2F945cc7d9416150d1afb67ef911d38308910d12bf, 이치하라 에츠코, 출연
74,http://img1.daumcdn.net/thumb/C116x168/?fname=http%3A%2F%2Ft1.daumcdn.net%2Fmovie%2F2a6c9d4a4fbfcf0f0f933c479b62636e68620a77, 나리타 료, 출연
74,http://img1.daumcdn.net/thumb/C116x168/?fname=http%3A%2F%2Ft1.daumcdn.net%2Fmovie%2Fb5993003f4f3e66353c0aafc17076f7f1bbc0714, 유우키 아오이, 출연
75,http://img1.daumcdn.net/thumb/C116x168/?fname=https%3A%2F%2Ft1.daumcdn.net%2Fmovie%2Fc15e5e8835a8c5041b8556c0aaede560893216f6, 스티븐 크보스키, 감독
75,http://img1.daumcdn.net/thumb/C116x168/?fname=https%3A%2F%2Ft1.daumcdn.net%2Fmovie%2Fb307ac9f04028d64f15b419bbef54c96e5c9133c, 제이콥 트렘블레이, 주연
75,http://img1.daumcdn.net/thumb/C116x168/?fname=http%3A%2F%2Ft1.daumcdn.net%2Fcfile%2F201852254B6E478109, 줄리아 로버츠, 주연
75,http://img1.daumcdn.net/thumb/C116x168/?fname=http%3A%2F%2Ft1.daumcdn.net%2Fcfile%2F123A0510ADFA698B8F, 오웬 윌슨, 주연
75,http://img1.daumcdn.net/thumb/C116x168/?fname=http%3A%2F%2Ft1.daumcdn.net%2Fmovie%2F7b910d7e86f7070753f5d2e902bad898d7f734e8, 맨디 파틴킨, 출연
75,http://img1.daumcdn.net/thumb/C116x168/?fname=http%3A%2F%2Ft1.daumcdn.net%2Fmovie%2F0e7ccbcc1a4e1532356b994a7b872c54918ca0e6, 데이비드 디그스, 출연
75,http://img1.daumcdn.net/thumb/C116x168/?fname=http%3A%2F%2Ft1.daumcdn.net%2Fcfile%2F022E55445147A91C36, 이자벨라 비도빅, 출연